"Jackson Miles Abbott","constituent/abbott_jackson_miles"
"Charles Partridge Adams","constituent/adams_charles_partridge"
"Carl Ethan Akeley","constituent/akeley_carl_ethan"
"Carl Ethan Akeley","constituent/akeley_carl_ethan"
"Carl Ethan Akeley","constituent/akeley_carl_ethan"
"Douglas Allen","constituent/allen_douglas"
"Douglas Allen","constituent/allen_douglas"
"Douglas Allen","constituent/allen_douglas"
"Douglas Allen","constituent/allen_douglas"
"Douglas Allen","constituent/allen_douglas"
"Douglas Allen","constituent/allen_douglas"
"Douglas Allen","constituent/allen_douglas"
"Douglas Allen","constituent/allen_douglas"
"Gregory Allen","constituent/allen_gregory"
"Arthur G. Anderson","constituent/anderson_arthur_g"
"Dennis Anderson","constituent/anderson_dennis"
"Neal R. Anderson","constituent/anderson_neal_r"
"Neal R. Anderson","constituent/anderson_neal_r"
"Tony Angell","constituent/angell_tony"
"Tony Angell","constituent/angell_tony"
"Tony Angell","constituent/angell_tony"
"Artist Unknown","constituent/artist_unknown"
"Artist Unknown","constituent/artist_unknown"
"Artist Unknown","constituent/artist_unknown"
"Artist Unknown","constituent/artist_unknown"
"Artist Unknown","constituent/artist_unknown"
"Artist Unknown","constituent/artist_unknown"
"Artist Unknown","constituent/artist_unknown"
"Artist Unknown","constituent/artist_unknown"
"Artist Unknown","constituent/artist_unknown"
"Artist Unknown","constituent/artist_unknown"
"Artist Unknown","constituent/artist_unknown"
"Artist Unknown","constituent/artist_unknown"
"Artist Unknown","constituent/artist_unknown"
"Artist Unknown","constituent/artist_unknown"
"Artist Unknown","constituent/artist_unknown"
"Artist Unknown","constituent/artist_unknown"
"Artist Unknown","constituent/artist_unknown"
"Artist Unknown","constituent/artist_unknown"
"Artist Unknown","constituent/artist_unknown"
"Artist Unknown","constituent/artist_unknown"
"Artist Unknown","constituent/artist_unknown"
"Artist Unknown","constituent/artist_unknown"
"Artist Unknown","constituent/artist_unknown"
"Artist Unknown","constituent/artist_unknown"
"Artist Unknown","constituent/artist_unknown"
"Artist Unknown","constituent/artist_unknown"
"Artist Unknown","constituent/artist_unknown"
"Artist Unknown","constituent/artist_unknown"
"Artist Unknown","constituent/artist_unknown"
"Artist Unknown","constituent/artist_unknown"
"Artist Unknown","constituent/artist_unknown"
"Artist Unknown","constituent/artist_unknown"
"Artist Unknown","constituent/artist_unknown"
"Artist Unknown","constituent/artist_unknown"
"Artist Unknown","constituent/artist_unknown"
"Artist Unknown","constituent/artist_unknown"
"Artist Unknown","constituent/artist_unknown"
"Artist Unknown","constituent/artist_unknown"
"Artist Unknown","constituent/artist_unknown"
"Artist Unknown","constituent/artist_unknown"
"Artist Unknown","constituent/artist_unknown"
"Artist Unknown (Anasazi","constituent/anasazi_artist_unknown"
"Artist Unknown (Mogollon","constituent/artist_mogollon_unknown"
"Clyde Aspevig","constituent/aspevig_clyde"
"John James Audubon","constituent/audubon_james_john"
"John James Audubon","constituent/audubon_james_john"
"John James Audubon","constituent/audubon_james_john"
"John James Audubon","constituent/audubon_james_john"
"John James Audubon","constituent/audubon_james_john"
"John James Audubon","constituent/audubon_james_john"
"John James Audubon","constituent/audubon_james_john"
"John James Audubon","constituent/audubon_james_john"
"John James Audubon","constituent/audubon_james_john"
"John James Audubon","constituent/audubon_james_john"
"John James Audubon","constituent/audubon_james_john"
"John James Audubon","constituent/audubon_james_john"
"John James Audubon","constituent/audubon_james_john"
"John James Audubon","constituent/audubon_james_john"
"John James Audubon","constituent/audubon_james_john"
"John James Audubon","constituent/audubon_james_john"
"John James Audubon","constituent/audubon_james_john"
"John James Audubon","constituent/audubon_james_john"
"John James Audubon","constituent/audubon_james_john"
"John James Audubon","constituent/audubon_james_john"
"John James Audubon","constituent/audubon_james_john"
"John James Audubon","constituent/audubon_james_john"
"John James Audubon","constituent/audubon_james_john"
"John James Audubon","constituent/audubon_james_john"
"John James Audubon","constituent/audubon_james_john"
"John James Audubon","constituent/audubon_james_john"
"John James Audubon","constituent/audubon_james_john"
"John James Audubon","constituent/audubon_james_john"
"John James Audubon","constituent/audubon_james_john"
"John James Audubon","constituent/audubon_james_john"
"John James Audubon","constituent/audubon_james_john"
"John James Audubon","constituent/audubon_james_john"
"John Woodhouse Audubon","constituent/audubon_john_woodhouse"
"John Woodhouse Audubon","constituent/audubon_john_woodhouse"
"John Woodhouse Audubon","constituent/audubon_john_woodhouse"
"John Woodhouse Audubon","constituent/audubon_john_woodhouse"
"John Woodhouse Audubon","constituent/audubon_john_woodhouse"
"John Woodhouse Audubon","constituent/audubon_john_woodhouse"
"John Woodhouse Audubon","constituent/audubon_john_woodhouse"
"John Woodhouse Audubon","constituent/audubon_john_woodhouse"
"John Woodhouse Audubon","constituent/audubon_john_woodhouse"
"John Woodhouse Audubon","constituent/audubon_john_woodhouse"
"Gerald Balciar","constituent/balciar_gerald"
"Gerald Balciar","constituent/balciar_gerald"
"Gerald Balciar","constituent/balciar_gerald"
"Gerald Balciar","constituent/balciar_gerald"
"Gerald Balciar","constituent/balciar_gerald"
"Gerald Balciar","constituent/balciar_gerald"
"Gerald Balciar","constituent/balciar_gerald"
"Gerald Balciar","constituent/balciar_gerald"
"John Banovich","constituent/banovich_john"
"J. Henry Barkhaus","constituent/barkhaus_henry_j"
"Joe Barrington","constituent/barrington_joe"
"Paul Wayland Bartlett","constituent/bartlett_paul_wayland"
"Paul Wayland Bartlett","constituent/bartlett_paul_wayland"
"Leonard Baskin","constituent/baskin_leonard"
"Leonard Baskin","constituent/baskin_leonard"
"E. Bates","constituent/bates_e"
"E. Bates","constituent/bates_e"
"E. Bates","constituent/bates_e"
"E. Bates","constituent/bates_e"
"E. Bates","constituent/bates_e"
"E. Bates","constituent/bates_e"
"E. Bates","constituent/bates_e"
"E. Bates","constituent/bates_e"
"E. Bates","constituent/bates_e"
"E. Bates","constituent/bates_e"
"E. Bates","constituent/bates_e"
"E. Bates","constituent/bates_e"
"E. Bates","constituent/bates_e"
"E. Bates","constituent/bates_e"
"E. Bates","constituent/bates_e"
"E. Bates","constituent/bates_e"
"E. Bates","constituent/bates_e"
"E. Bates","constituent/bates_e"
"E. Bates","constituent/bates_e"
"E. Bates","constituent/bates_e"
"E. Bates","constituent/bates_e"
"John Battenberg","constituent/battenberg_john"
"William Holbrook Beard","constituent/beard_holbrook_william"
"William Holbrook Beard","constituent/beard_holbrook_william"
"William Holbrook Beard","constituent/beard_holbrook_william"
"August H. Becker","constituent/august_becker_h"
"Harrison Begay","constituent/begay_harrison"
"Frank W. Benson","constituent/benson_frank_w"
"Frank W. Benson","constituent/benson_frank_w"
"Del Berghaus","constituent/berghaus_del"
"Nellie Bica","constituent/bica_nellie"
"Edward J. Bierly","constituent/bierly_edward_j"
"Edward J. Bierly","constituent/bierly_edward_j"
"Edward J. Bierly","constituent/bierly_edward_j"
"Albert Bierstadt","constituent/albert_bierstadt"
"Albert Bierstadt","constituent/albert_bierstadt"
"Albert Bierstadt","constituent/albert_bierstadt"
"Albert Bierstadt","constituent/albert_bierstadt"
"Albert Bierstadt","constituent/albert_bierstadt"
"Albert Bierstadt","constituent/albert_bierstadt"
"Albert Bierstadt","constituent/albert_bierstadt"
"Albert Bierstadt","constituent/albert_bierstadt"
"Albert Bierstadt","constituent/albert_bierstadt"
"Albert Bierstadt","constituent/albert_bierstadt"
"Richard E. Bishop","constituent/bishop_e_richard"
"Richard E. Bishop","constituent/bishop_e_richard"
"Richard E. Bishop","constituent/bishop_e_richard"
"Walter E. Bohl","constituent/bohl_e_walter"
"Walter E. Bohl","constituent/bohl_e_walter"
"Walter E. Bohl","constituent/bohl_e_walter"
"George Boorujy","constituent/boorujy_george"
"Edward Borein","constituent/borein_edward"
"Edward Borein","constituent/borein_edward"
"Edward Borein","constituent/borein_edward"
"Cornelis Botke","constituent/botke_cornelis"
"Jessie Arms Botke","constituent/arms_botke_jessie"
"Edward Bowen","constituent/bowen_edward"
"Paul Bransom","constituent/bransom_paul"
"Paul Bransom","constituent/bransom_paul"
"Paul Bransom","constituent/bransom_paul"
"Paul Bransom","constituent/bransom_paul"
"Paul Bransom","constituent/bransom_paul"
"Paul Bransom","constituent/bransom_paul"
"Paul Bransom","constituent/bransom_paul"
"Paul Bransom","constituent/bransom_paul"
"Paul Bransom","constituent/bransom_paul"
"Paul Bransom","constituent/bransom_paul"
"Paul Bransom","constituent/bransom_paul"
"Paul Bransom","constituent/bransom_paul"
"Paul Bransom","constituent/bransom_paul"
"Paul Bransom","constituent/bransom_paul"
"Burt Brent","constituent/brent_burt"
"Burt Brent","constituent/brent_burt"
"Clark Bronson","constituent/bronson_clark"
"Clark Bronson","constituent/bronson_clark"
"Clark Bronson","constituent/bronson_clark"
"Clark Bronson","constituent/bronson_clark"
"Clark Bronson","constituent/bronson_clark"
"Clark Bronson","constituent/bronson_clark"
"Clark Bronson","constituent/bronson_clark"
"Clark Bronson","constituent/bronson_clark"
"Clark Bronson","constituent/bronson_clark"
"Henry Kirke Brown","constituent/brown_henry_kirke"
"Belmore Browne","constituent/belmore_browne"
"George Browne","constituent/browne_george"
"George Browne","constituent/browne_george"
"George Browne","constituent/browne_george"
"George Browne","constituent/browne_george"
"George Browne","constituent/browne_george"
"George Browne","constituent/browne_george"
"George Browne","constituent/browne_george"
"George Browne","constituent/browne_george"
"George Browne","constituent/browne_george"
"George Browne","constituent/browne_george"
"George Browne","constituent/browne_george"
"George Browne","constituent/browne_george"
"George Browne","constituent/browne_george"
"George Browne","constituent/browne_george"
"George Browne","constituent/browne_george"
"George Browne","constituent/browne_george"
"John Buck","constituent/buck_john"
"John Buck","constituent/buck_john"
"Charles Livingston Bull","constituent/bull_charles_livingston"
"Charles Livingston Bull","constituent/bull_charles_livingston"
"Charles Livingston Bull","constituent/bull_charles_livingston"
"Charles Livingston Bull","constituent/bull_charles_livingston"
"Charles Livingston Bull","constituent/bull_charles_livingston"
"Charles Livingston Bull","constituent/bull_charles_livingston"
"Charles Livingston Bull","constituent/bull_charles_livingston"
"Charles Livingston Bull","constituent/bull_charles_livingston"
"Charles Livingston Bull","constituent/bull_charles_livingston"
"Charles Livingston Bull","constituent/bull_charles_livingston"
"Charles Livingston Bull","constituent/bull_charles_livingston"
"Charles Livingston Bull","constituent/bull_charles_livingston"
"Charles Livingston Bull","constituent/bull_charles_livingston"
"Charles Livingston Bull","constituent/bull_charles_livingston"
"Charles Livingston Bull","constituent/bull_charles_livingston"
"Charles Livingston Bull","constituent/bull_charles_livingston"
"Charles Livingston Bull","constituent/bull_charles_livingston"
"Charles Livingston Bull","constituent/bull_charles_livingston"
"Charles Livingston Bull","constituent/bull_charles_livingston"
"Charles Livingston Bull","constituent/bull_charles_livingston"
"Charles Livingston Bull","constituent/bull_charles_livingston"
"Charles Livingston Bull","constituent/bull_charles_livingston"
"Charles Livingston Bull","constituent/bull_charles_livingston"
"Charles Livingston Bull","constituent/bull_charles_livingston"
"Charles Livingston Bull","constituent/bull_charles_livingston"
"Charles Livingston Bull","constituent/bull_charles_livingston"
"Charles Livingston Bull","constituent/bull_charles_livingston"
"Charles Livingston Bull","constituent/bull_charles_livingston"
"Charles Livingston Bull","constituent/bull_charles_livingston"
"Charles Livingston Bull","constituent/bull_charles_livingston"
"Charles Livingston Bull","constituent/bull_charles_livingston"
"Charles Livingston Bull","constituent/bull_charles_livingston"
"Charles Livingston Bull","constituent/bull_charles_livingston"
"Charles Livingston Bull","constituent/bull_charles_livingston"
"Charles Livingston Bull","constituent/bull_charles_livingston"
"Charles Livingston Bull","constituent/bull_charles_livingston"
"Charles Livingston Bull","constituent/bull_charles_livingston"
"Charles Livingston Bull","constituent/bull_charles_livingston"
"George Bruce Bumann","constituent/bruce_bumann_george"
"Kenneth R. Bunn","constituent/bunn_kenneth_r"
"Ken Bunn","constituent/bunn_ken"
"Kenneth R. Bunn","constituent/bunn_kenneth_r"
"Kenneth R. Bunn","constituent/bunn_kenneth_r"
"Kenneth R. Bunn","constituent/bunn_kenneth_r"
"Kenneth R. Bunn","constituent/bunn_kenneth_r"
"Kenneth R. Bunn","constituent/bunn_kenneth_r"
"Kenneth R. Bunn","constituent/bunn_kenneth_r"
"Kenneth R. Bunn","constituent/bunn_kenneth_r"
"Kenneth R. Bunn","constituent/bunn_kenneth_r"
"Kenneth R. Bunn","constituent/bunn_kenneth_r"
"Kenneth R. Bunn","constituent/bunn_kenneth_r"
"Kenneth R. Bunn","constituent/bunn_kenneth_r"
"Kenneth R. Bunn","constituent/bunn_kenneth_r"
"Kenneth R. Bunn","constituent/bunn_kenneth_r"
"Kenneth R. Bunn","constituent/bunn_kenneth_r"
"Kenneth R. Bunn","constituent/bunn_kenneth_r"
"Alexander Calder","constituent/alexander_calder"
"Alexander Calder","constituent/alexander_calder"
"Alexander Calder","constituent/alexander_calder"
"Alexander Calder","constituent/alexander_calder"
"Alexander Calder","constituent/alexander_calder"
"Alexander Calder","constituent/alexander_calder"
"Alexander Calder","constituent/alexander_calder"
"Alexander Calder","constituent/alexander_calder"
"Alexander Calder","constituent/alexander_calder"
"Alexander Calder","constituent/alexander_calder"
"Alexander Calder","constituent/alexander_calder"
"Alexander Calder","constituent/alexander_calder"
"Alexander Calder","constituent/alexander_calder"
"Alexander Calder","constituent/alexander_calder"
"Alexander Calder","constituent/alexander_calder"
"Alexander Calder","constituent/alexander_calder"
"Alexander Calder","constituent/alexander_calder"
"Alexander Calder","constituent/alexander_calder"
"Alexander Calder","constituent/alexander_calder"
"Alexander Calder","constituent/alexander_calder"
"Alexander Calder","constituent/alexander_calder"
"Alexander Calder","constituent/alexander_calder"
"Alexander Calder","constituent/alexander_calder"
"Alexander Calder","constituent/alexander_calder"
"Alexander Calder","constituent/alexander_calder"
"Alexander Calder","constituent/alexander_calder"
"Alexander Calder","constituent/alexander_calder"
"Alexander Calder","constituent/alexander_calder"
"Alexander Calder","constituent/alexander_calder"
"Alexander Calder","constituent/alexander_calder"
"Alexander Calder","constituent/alexander_calder"
"Alexander Calder","constituent/alexander_calder"
"Alexander Calder","constituent/alexander_calder"
"Alexander Calder","constituent/alexander_calder"
"Alexander Calder","constituent/alexander_calder"
"Alexander Calder","constituent/alexander_calder"
"Charles Malcolm Campbell","constituent/campbell_charles_malcolm"
"Charles Malcolm Campbell","constituent/campbell_charles_malcolm"
"Charles Malcolm Campbell","constituent/campbell_charles_malcolm"
"Charles Malcolm Campbell","constituent/campbell_charles_malcolm"
"Charles Malcolm Campbell","constituent/campbell_charles_malcolm"
"Emil Carlsen","constituent/carlsen_emil"
"George Arthur Carlson","constituent/arthur_carlson_george"
"George Arthur Carlson","constituent/arthur_carlson_george"
"George Arthur Carlson","constituent/arthur_carlson_george"
"Ken Carlson","constituent/carlson_ken"
"Ken Carlson","constituent/carlson_ken"
"Ken Carlson","constituent/carlson_ken"
"Ken Carlson","constituent/carlson_ken"
"Ken Carlson","constituent/carlson_ken"
"Ken Carlson","constituent/carlson_ken"
"Ken Carlson","constituent/carlson_ken"
"Ken Carlson","constituent/carlson_ken"
"Ken Carlson","constituent/carlson_ken"
"Ken Carlson","constituent/carlson_ken"
"Ken Carlson","constituent/carlson_ken"
"Ken Carlson","constituent/carlson_ken"
"Ken Carlson","constituent/carlson_ken"
"Ken Carlson","constituent/carlson_ken"
"Ken Carlson","constituent/carlson_ken"
"Ken Carlson","constituent/carlson_ken"
"Ken Carlson","constituent/carlson_ken"
"Ken Carlson","constituent/carlson_ken"
"Ken Carlson","constituent/carlson_ken"
"Ken Carlson","constituent/carlson_ken"
"Ken Carlson","constituent/carlson_ken"
"Ken Carlson","constituent/carlson_ken"
"Ken Carlson","constituent/carlson_ken"
"Ken Carlson","constituent/carlson_ken"
"Ken Carlson","constituent/carlson_ken"
"Ken Carlson","constituent/carlson_ken"
"Ken Carlson","constituent/carlson_ken"
"Ken Carlson","constituent/carlson_ken"
"Ken Carlson","constituent/carlson_ken"
"Ken Carlson","constituent/carlson_ken"
"Ken Carlson","constituent/carlson_ken"
"Ken Carlson","constituent/carlson_ken"
"Ken Carlson","constituent/carlson_ken"
"Ken Carlson","constituent/carlson_ken"
"Ken Carlson","constituent/carlson_ken"
"Ken Carlson","constituent/carlson_ken"
"Ken Carlson","constituent/carlson_ken"
"Ken Carlson","constituent/carlson_ken"
"Ken Carlson","constituent/carlson_ken"
"Ken Carlson","constituent/carlson_ken"
"Ken Carlson","constituent/carlson_ken"
"Ken Carlson","constituent/carlson_ken"
"Ken Carlson","constituent/carlson_ken"
"Ken Carlson","constituent/carlson_ken"
"Ken Carlson","constituent/carlson_ken"
"Ken Carlson","constituent/carlson_ken"
"Ken Carlson","constituent/carlson_ken"
"Ken Carlson","constituent/carlson_ken"
"Ken Carlson","constituent/carlson_ken"
"Ken Carlson","constituent/carlson_ken"
"Ken Carlson","constituent/carlson_ken"
"Ken Carlson","constituent/carlson_ken"
"Ken Carlson","constituent/carlson_ken"
"Ken Carlson","constituent/carlson_ken"
"Ken Carlson","constituent/carlson_ken"
"Ken Carlson","constituent/carlson_ken"
"Ken Carlson","constituent/carlson_ken"
"Ken Carlson","constituent/carlson_ken"
"Ken Carlson","constituent/carlson_ken"
"Ken Carlson","constituent/carlson_ken"
"Ken Carlson","constituent/carlson_ken"
"Ken Carlson","constituent/carlson_ken"
"Ken Carlson","constituent/carlson_ken"
"Ken Carlson","constituent/carlson_ken"
"Ken Carlson","constituent/carlson_ken"
"Ken Carlson","constituent/carlson_ken"
"Ken Carlson","constituent/carlson_ken"
"Ken Carlson","constituent/carlson_ken"
"Ken Carlson","constituent/carlson_ken"
"Ken Carlson","constituent/carlson_ken"
"Ken Carlson","constituent/carlson_ken"
"Ken Carlson","constituent/carlson_ken"
"Ken Carlson","constituent/carlson_ken"
"Ken Carlson","constituent/carlson_ken"
"Ken Carlson","constituent/carlson_ken"
"Ken Carlson","constituent/carlson_ken"
"Ken Carlson","constituent/carlson_ken"
"Ken Carlson","constituent/carlson_ken"
"Ken Carlson","constituent/carlson_ken"
"Ken Carlson","constituent/carlson_ken"
"William de la Montagne Cary","constituent/cary_de_la_montagne_william"
"William de la Montagne Cary","constituent/cary_de_la_montagne_william"
"William de la Montagne Cary","constituent/cary_de_la_montagne_william"
"William de la Montagne Cary","constituent/cary_de_la_montagne_william"
"William de la Montagne Cary","constituent/cary_de_la_montagne_william"
"William de la Montagne Cary","constituent/cary_de_la_montagne_william"
"William de la Montagne Cary","constituent/cary_de_la_montagne_william"
"William de la Montagne Cary","constituent/cary_de_la_montagne_william"
"William de la Montagne Cary","constituent/cary_de_la_montagne_william"
"William de la Montagne Cary","constituent/cary_de_la_montagne_william"
"William de la Montagne Cary","constituent/cary_de_la_montagne_william"
"William de la Montagne Cary","constituent/cary_de_la_montagne_william"
"William de la Montagne Cary","constituent/cary_de_la_montagne_william"
"William de la Montagne Cary","constituent/cary_de_la_montagne_william"
"William de la Montagne Cary","constituent/cary_de_la_montagne_william"
"William de la Montagne Cary","constituent/cary_de_la_montagne_william"
"George Catlin","constituent/catlin_george"
"George Catlin","constituent/catlin_george"
"George Catlin","constituent/catlin_george"
"George Catlin","constituent/catlin_george"
"George Catlin","constituent/catlin_george"
"George Catlin","constituent/catlin_george"
"George Catlin","constituent/catlin_george"
"George Catlin","constituent/catlin_george"
"George Catlin","constituent/catlin_george"
"George Catlin","constituent/catlin_george"
"William Merritt Chase","constituent/chase_merritt_william"
"Cheyenne","constituent/cheyenne"
"Len Chmiel","constituent/chmiel_len"
"Scott L. Christensen","constituent/christensen_l_scott"
"Scott L. Christensen","constituent/christensen_l_scott"
"Frederick Stuart Church","constituent/church_frederick_stuart"
"James  Lippitt Clark","constituent/clark_james_lippitt"
"James  Lippitt Clark","constituent/clark_james_lippitt"
"James  Lippitt Clark","constituent/clark_james_lippitt"
"James  Lippitt Clark","constituent/clark_james_lippitt"
"James  Lippitt Clark","constituent/clark_james_lippitt"
"James  Lippitt Clark","constituent/clark_james_lippitt"
"James  Lippitt Clark","constituent/clark_james_lippitt"
"James  Lippitt Clark","constituent/clark_james_lippitt"
"James  Lippitt Clark","constituent/clark_james_lippitt"
"James  Lippitt Clark","constituent/clark_james_lippitt"
"James  Lippitt Clark","constituent/clark_james_lippitt"
"Roland H. Clark","constituent/clark_h_roland"
"Roland H. Clark","constituent/clark_h_roland"
"Roland H. Clark","constituent/clark_h_roland"
"Roland H. Clark","constituent/clark_h_roland"
"Roland H. Clark","constituent/clark_h_roland"
"Roland H. Clark","constituent/clark_h_roland"
"John L. Clarke","constituent/clarke_john_l"
"John Clymer","constituent/clymer_john"
"John Clymer","constituent/clymer_john"
"John Clymer","constituent/clymer_john"
"John Clymer","constituent/clymer_john"
"John Clymer","constituent/clymer_john"
"John Clymer","constituent/clymer_john"
"John Clymer","constituent/clymer_john"
"John Clymer","constituent/clymer_john"
"John Clymer","constituent/clymer_john"
"John Clymer","constituent/clymer_john"
"John Clymer","constituent/clymer_john"
"John Clymer","constituent/clymer_john"
"John Clymer","constituent/clymer_john"
"John Clymer","constituent/clymer_john"
"John Clymer","constituent/clymer_john"
"John Clymer","constituent/clymer_john"
"John Clymer","constituent/clymer_john"
"John Clymer","constituent/clymer_john"
"John Clymer","constituent/clymer_john"
"John Clymer","constituent/clymer_john"
"John Clymer","constituent/clymer_john"
"John Clymer","constituent/clymer_john"
"John Clymer","constituent/clymer_john"
"John Clymer","constituent/clymer_john"
"John Clymer","constituent/clymer_john"
"John Clymer","constituent/clymer_john"
"John Clymer","constituent/clymer_john"
"John Clymer","constituent/clymer_john"
"John Clymer","constituent/clymer_john"
"John Clymer","constituent/clymer_john"
"John Clymer","constituent/clymer_john"
"John Clymer","constituent/clymer_john"
"John Clymer","constituent/clymer_john"
"John Clymer","constituent/clymer_john"
"John Clymer","constituent/clymer_john"
"John Clymer","constituent/clymer_john"
"John Clymer","constituent/clymer_john"
"John Clymer","constituent/clymer_john"
"John Clymer","constituent/clymer_john"
"John Clymer","constituent/clymer_john"
"John Clymer","constituent/clymer_john"
"John Clymer","constituent/clymer_john"
"John Clymer","constituent/clymer_john"
"John Clymer","constituent/clymer_john"
"John Clymer","constituent/clymer_john"
"John Clymer","constituent/clymer_john"
"John Clymer","constituent/clymer_john"
"John Clymer","constituent/clymer_john"
"John Clymer","constituent/clymer_john"
"John Clymer","constituent/clymer_john"
"John Clymer","constituent/clymer_john"
"John Clymer","constituent/clymer_john"
"John Clymer","constituent/clymer_john"
"John Clymer","constituent/clymer_john"
"John Clymer","constituent/clymer_john"
"John Clymer","constituent/clymer_john"
"John Clymer","constituent/clymer_john"
"John Clymer","constituent/clymer_john"
"John Clymer","constituent/clymer_john"
"John Clymer","constituent/clymer_john"
"John Clymer","constituent/clymer_john"
"John Clymer","constituent/clymer_john"
"John Clymer","constituent/clymer_john"
"John Clymer","constituent/clymer_john"
"John Clymer","constituent/clymer_john"
"John Clymer","constituent/clymer_john"
"John Clymer","constituent/clymer_john"
"John Clymer","constituent/clymer_john"
"Anne Coe","constituent/anne_coe"
"Paul Colbron","constituent/colbron_paul"
"Michael Coleman","constituent/coleman_michael"
"Michael Coleman","constituent/coleman_michael"
"Michael Coleman","constituent/coleman_michael"
"Michael Coleman","constituent/coleman_michael"
"Michael Coleman","constituent/coleman_michael"
"Michael Coleman","constituent/coleman_michael"
"Michael Coleman","constituent/coleman_michael"
"Michael Coleman","constituent/coleman_michael"
"Michael Coleman","constituent/coleman_michael"
"Michael Coleman","constituent/coleman_michael"
"Michael Coleman","constituent/coleman_michael"
"Michael Coleman","constituent/coleman_michael"
"Michael Coleman","constituent/coleman_michael"
"Arthur Cook","constituent/arthur_cook"
"Colin Campbell Cooper Jr","constituent/campbell_colin_cooper_jr"
"Rox Corbett","constituent/corbett_rox"
"Thomas Cornell","constituent/cornell_thomas"
"Don Crouch","constituent/crouch_don"
"Don Crouch","constituent/crouch_don"
"Don Crouch","constituent/crouch_don"
"Charles Courtney Curran","constituent/charles_courtney_curran"
"John Steuart Curry","constituent/curry_john_steuart"
"Thomas Aquinas Daly","constituent/aquinas_daly_thomas"
"Felix Octavius Carr Darley","constituent/carr_darley_felix_octavius"
"Felix Octavius Carr Darley","constituent/carr_darley_felix_octavius"
"Felix Octavius Carr Darley","constituent/carr_darley_felix_octavius"
"Jay Norwood Darling","constituent/darling_jay_norwood"
"Theodore R. Davis","constituent/davis_r_theodore"
"Gerard Curtis Delano","constituent/curtis_delano_gerard"
"Gerard Curtis Delano","constituent/curtis_delano_gerard"
"Gerard Curtis Delano","constituent/curtis_delano_gerard"
"Gerard Curtis Delano","constituent/curtis_delano_gerard"
"Gerard Curtis Delano","constituent/curtis_delano_gerard"
"Gerard Curtis Delano","constituent/curtis_delano_gerard"
"Edwin W. Deming","constituent/deming_edwin_w"
"Edwin W. Deming","constituent/deming_edwin_w"
"Edwin W. Deming","constituent/deming_edwin_w"
"Edwin W. Deming","constituent/deming_edwin_w"
"Edwin W. Deming","constituent/deming_edwin_w"
"Edwin W. Deming","constituent/deming_edwin_w"
"Edwin W. Deming","constituent/deming_edwin_w"
"Andrew Denman","constituent/andrew_denman"
"Andrew Denman","constituent/andrew_denman"
"Andrew Denman","constituent/andrew_denman"
"Andrew Denman","constituent/andrew_denman"
"Maurice and Edward J. Detmold","constituent/and_detmold_edward_j_maurice"
"Wilson Dewey","constituent/dewey_wilson"
"John Henry Dick","constituent/dick_henry_john"
"Maynard Dixon","constituent/dixon_maynard"
"John Henry Dolph","constituent/dolph_henry_john"
"William Herbert Dunton","constituent/dunton_herbert_william"
"William Herbert Dunton","constituent/dunton_herbert_william"
"William Herbert Dunton","constituent/dunton_herbert_william"
"William Herbert Dunton","constituent/dunton_herbert_william"
"William Herbert Dunton","constituent/dunton_herbert_william"
"William Herbert Dunton","constituent/dunton_herbert_william"
"William Herbert Dunton","constituent/dunton_herbert_william"
"William Herbert Dunton","constituent/dunton_herbert_william"
"William Herbert Dunton","constituent/dunton_herbert_william"
"William Herbert Dunton","constituent/dunton_herbert_william"
"William Herbert Dunton","constituent/dunton_herbert_william"
"Randal Dutra","constituent/dutra_randal"
"Sam Easterson","constituent/easterson_sam"
"Seth Eastman","constituent/eastman_seth"
"Seth Eastman","constituent/eastman_seth"
"Seth Eastman","constituent/eastman_seth"
"Seth Eastman","constituent/eastman_seth"
"Seth Eastman","constituent/eastman_seth"
"Mark Eberhard","constituent/eberhard_mark"
"Mark Eberhard","constituent/eberhard_mark"
"Mark Eberhard","constituent/eberhard_mark"
"Mary Abastenia St. Leger Eberle","constituent/abastenia_eberle_leger_mary_st"
"Nick Eggenhofer","constituent/eggenhofer_nick"
"Stephen Elliott","constituent/elliott_stephen"
"Stephen Elliott","constituent/elliott_stephen"
"Stephen Elliott","constituent/elliott_stephen"
"Robert Farrington Elwell","constituent/elwell_farrington_robert"
"Christina Empedocles","constituent/christina_empedocles"
"John Joseph Enneking","constituent/enneking_john_joseph"
"Churchill Ettinger","constituent/churchill_ettinger"
"Churchill Ettinger","constituent/churchill_ettinger"
"Sally James Farnham","constituent/farnham_james_sally"
"Olive Fell","constituent/fell_olive"
"Olive Fell","constituent/fell_olive"
"Olive Fell","constituent/fell_olive"
"John Felsing","constituent/felsing_john"
"John Felsing","constituent/felsing_john"
"Beatrice Fenton","constituent/beatrice_fenton"
"John Fery","constituent/fery_john"
"John Fery","constituent/fery_john"
"Emilie Fiero","constituent/emilie_fiero"
"James Fisher","constituent/fisher_james"
"Walton Ford","constituent/ford_walton"
"Walton Ford","constituent/ford_walton"
"Walton Ford","constituent/ford_walton"
"Walton Ford","constituent/ford_walton"
"Walton Ford","constituent/ford_walton"
"Walton Ford","constituent/ford_walton"
"Edward Fraughton","constituent/edward_fraughton"
"Edward Fraughton","constituent/edward_fraughton"
"Britt Chauncey Freda","constituent/britt_chauncey_freda"
"Harriet Whitney Frishmuth","constituent/frishmuth_harriet_whitney"
"Arthur Burdett Frost Jr","constituent/arthur_burdett_frost_jr"
"Arthur Burdett Frost Jr","constituent/arthur_burdett_frost_jr"
"Louis Agassiz Fuertes","constituent/agassiz_fuertes_louis"
"Louis Agassiz Fuertes","constituent/agassiz_fuertes_louis"
"Louis Agassiz Fuertes","constituent/agassiz_fuertes_louis"
"Louis Agassiz Fuertes","constituent/agassiz_fuertes_louis"
"Louis Agassiz Fuertes","constituent/agassiz_fuertes_louis"
"Elisabeth Rungius Fulda","constituent/elisabeth_fulda_rungius"
"Elisabeth Rungius Fulda","constituent/elisabeth_fulda_rungius"
"Elisabeth Rungius Fulda","constituent/elisabeth_fulda_rungius"
"Elisabeth Rungius Fulda","constituent/elisabeth_fulda_rungius"
"Martin S. Garretson","constituent/garretson_martin_s"
"Martin S. Garretson","constituent/garretson_martin_s"
"Martin S. Garretson","constituent/garretson_martin_s"
"Martin S. Garretson","constituent/garretson_martin_s"
"Martin S. Garretson","constituent/garretson_martin_s"
"Martin S. Garretson","constituent/garretson_martin_s"
"Martin S. Garretson","constituent/garretson_martin_s"
"Martin S. Garretson","constituent/garretson_martin_s"
"Albert Earl Gilbert","constituent/albert_earl_gilbert"
"Nancy Glazier","constituent/glazier_nancy"
"Nancy Glazier","constituent/glazier_nancy"
"Nancy Glazier","constituent/glazier_nancy"
"Joseph Michael Gleason","constituent/gleason_joseph_michael"
"Susan Goldsmith","constituent/goldsmith_susan"
"William Gollings","constituent/gollings_william"
"Philip R. Goodwin","constituent/goodwin_philip_r"
"Philip R. Goodwin","constituent/goodwin_philip_r"
"Philip R. Goodwin","constituent/goodwin_philip_r"
"Philip R. Goodwin","constituent/goodwin_philip_r"
"Philip R. Goodwin","constituent/goodwin_philip_r"
"Philip R. Goodwin","constituent/goodwin_philip_r"
"Philip R. Goodwin","constituent/goodwin_philip_r"
"Richard LaBarre Goodwin","constituent/goodwin_labarre_richard"
"Penelope Gottlieb","constituent/gottlieb_penelope"
"Penelope Gottlieb","constituent/gottlieb_penelope"
"Penelope Gottlieb","constituent/gottlieb_penelope"
"Richard Vernon Greeves","constituent/greeves_richard_vernon"
"Adam Grimm","constituent/adam_grimm"
"Owen J. Gromme","constituent/gromme_j_owen"
"Owen J. Gromme","constituent/gromme_j_owen"
"Owen J. Gromme","constituent/gromme_j_owen"
"Owen J. Gromme","constituent/gromme_j_owen"
"Owen J. Gromme","constituent/gromme_j_owen"
"Lois Gutierrez","constituent/gutierrez_lois"
"Grant Hagen","constituent/grant_hagen"
"Grant Hagen","constituent/grant_hagen"
"Grant Hagen","constituent/grant_hagen"
"David Hagerbaumer","constituent/david_hagerbaumer"
"David Hagerbaumer","constituent/david_hagerbaumer"
"Joe Halko","constituent/halko_joe"
"James McDougal Hart","constituent/hart_james_mcdougal"
"Dwayne Harty","constituent/dwayne_harty"
"Dwayne Harty","constituent/dwayne_harty"
"Eli Harvey","constituent/eli_harvey"
"Eli Harvey","constituent/eli_harvey"
"Eli Harvey","constituent/eli_harvey"
"Eli Harvey","constituent/eli_harvey"
"James Hautman","constituent/hautman_james"
"James Hautman","constituent/hautman_james"
"James Hautman","constituent/hautman_james"
"Joseph Hautman","constituent/hautman_joseph"
"William Jacob Hays Sr","constituent/hays_jacob_sr_william"
"William Jacob Hays Sr","constituent/hays_jacob_sr_william"
"William Jacob Hays Sr","constituent/hays_jacob_sr_william"
"William Jacob Hays Sr","constituent/hays_jacob_sr_william"
"William Jacob Hays Sr","constituent/hays_jacob_sr_william"
"William Jacob Hays Sr","constituent/hays_jacob_sr_william"
"William Jacob Hays Sr","constituent/hays_jacob_sr_william"
"William Jacob Hays Sr","constituent/hays_jacob_sr_william"
"William Jacob Hays Sr","constituent/hays_jacob_sr_william"
"William Jacob Hays Sr","constituent/hays_jacob_sr_william"
"William Jacob Hays Sr","constituent/hays_jacob_sr_william"
"Father  Louis Hennepin","constituent/father_hennepin_louis"
"Father  Louis Hennepin","constituent/father_hennepin_louis"
"Father  Louis Hennepin","constituent/father_hennepin_louis"
"Ernest Martin Hennings","constituent/ernest_hennings_martin"
"Edward Hicks","constituent/edward_hicks"
"Edward Hicks","constituent/edward_hicks"
"Laney Hicks","constituent/hicks_laney"
"Laney Hicks","constituent/hicks_laney"
"Laney Hicks","constituent/hicks_laney"
"Thomas Hill","constituent/hill_thomas"
"Thomas Hewes Hinckley","constituent/hewes_hinckley_thomas"
"Thomas Hewes Hinckley","constituent/hewes_hinckley_thomas"
"Robert W. Hines","constituent/hines_robert_w"
"Stefan A. Hirsch","constituent/a_hirsch_stefan"
"Tony Hochstetler","constituent/hochstetler_tony"
"Frank B. Hoffman","constituent/b_frank_hoffman"
"Frank B. Hoffman","constituent/b_frank_hoffman"
"Frank B. Hoffman","constituent/b_frank_hoffman"
"Frank B. Hoffman","constituent/b_frank_hoffman"
"Ludwig Hohlwein","constituent/hohlwein_ludwig"
"Allan Houser","constituent/allan_houser"
"Allan Houser","constituent/allan_houser"
"Allan Houser","constituent/allan_houser"
"Allan Houser","constituent/allan_houser"
"Nancy Howe","constituent/howe_nancy"
"Nancy Howe","constituent/howe_nancy"
"Donna Howell-Sickles","constituent/donna_howell_sickles"
"Donna Howell-Sickles","constituent/donna_howell_sickles"
"John Dare Howland","constituent/dare_howland_john"
"Grace Carpenter Hudson","constituent/carpenter_grace_hudson"
"Clark Hulings","constituent/clark_hulings"
"Lynn Bogue Hunt","constituent/bogue_hunt_lynn"
"Lynn Bogue Hunt","constituent/bogue_hunt_lynn"
"Richard Morris Hunt","constituent/hunt_morris_richard"
"Anna Hyatt Huntington","constituent/anna_huntington_hyatt"
"Anna Hyatt Huntington","constituent/anna_huntington_hyatt"
"Anna Hyatt Huntington","constituent/anna_huntington_hyatt"
"Anna Hyatt Huntington","constituent/anna_huntington_hyatt"
"Anna Hyatt Huntington","constituent/anna_huntington_hyatt"
"Anna Hyatt Huntington","constituent/anna_huntington_hyatt"
"Anna Hyatt Huntington","constituent/anna_huntington_hyatt"
"Anna Hyatt Huntington","constituent/anna_huntington_hyatt"
"Wilson Hurley","constituent/hurley_wilson"
"Douglas Hyde","constituent/douglas_hyde"
"Ned Jacob","constituent/jacob_ned"
"Francis Lee Jaques","constituent/francis_jaques_lee"
"Francis Lee Jaques","constituent/francis_jaques_lee"
"Francis Lee Jaques","constituent/francis_jaques_lee"
"Francis Lee Jaques","constituent/francis_jaques_lee"
"Francis Lee Jaques","constituent/francis_jaques_lee"
"Francis Lee Jaques","constituent/francis_jaques_lee"
"Francis Lee Jaques","constituent/francis_jaques_lee"
"Francis Lee Jaques","constituent/francis_jaques_lee"
"Francis Lee Jaques","constituent/francis_jaques_lee"
"Francis Lee Jaques","constituent/francis_jaques_lee"
"Asher Jay","constituent/asher_jay"
"Ron Jenkins","constituent/jenkins_ron"
"Carl Paul Jennewein","constituent/carl_jennewein_paul"
"Carl Paul Jennewein","constituent/carl_jennewein_paul"
"Carl Paul Jennewein","constituent/carl_jennewein_paul"
"Carl Paul Jennewein","constituent/carl_jennewein_paul"
"Oreland C. Joe Sr","constituent/c_joe_oreland_sr"
"Melvin Johansen","constituent/johansen_melvin"
"Melvin Johansen","constituent/johansen_melvin"
"Melvin Johansen","constituent/johansen_melvin"
"Melvin Johansen","constituent/johansen_melvin"
"Melvin Johansen","constituent/johansen_melvin"
"Melvin Johansen","constituent/johansen_melvin"
"Frank Tenney Johnson","constituent/frank_johnson_tenney"
"Frank Tenney Johnson","constituent/frank_johnson_tenney"
"Louis Paul Jonas","constituent/jonas_louis_paul"
"Louis Paul Jonas","constituent/jonas_louis_paul"
"Louis Paul Jonas","constituent/jonas_louis_paul"
"E. R. Kalmbach","constituent/e_kalmbach_r"
"Barbara Kassel","constituent/barbara_kassel"
"Thomas Kelly","constituent/kelly_thomas"
"T.  D. Kelsey","constituent/d_kelsey_t"
"T.  D. Kelsey","constituent/d_kelsey_t"
"T.  D. Kelsey","constituent/d_kelsey_t"
"T.  D. Kelsey","constituent/d_kelsey_t"
"T.  D. Kelsey","constituent/d_kelsey_t"
"Edward Kemeys","constituent/edward_kemeys"
"Edward Kemeys","constituent/edward_kemeys"
"Edward Kemeys","constituent/edward_kemeys"
"Edward Kemeys","constituent/edward_kemeys"
"Edward Kemeys","constituent/edward_kemeys"
"Edward Kemeys","constituent/edward_kemeys"
"Edward Kemeys","constituent/edward_kemeys"
"Edward Kemeys","constituent/edward_kemeys"
"Edward Kemeys","constituent/edward_kemeys"
"Edward Kemeys","constituent/edward_kemeys"
"Edward Kemeys","constituent/edward_kemeys"
"Edward Kemeys","constituent/edward_kemeys"
"Edward Kemeys","constituent/edward_kemeys"
"Edward Kemeys","constituent/edward_kemeys"
"Edward Kemeys","constituent/edward_kemeys"
"Edward Kemeys","constituent/edward_kemeys"
"Edward Kemeys","constituent/edward_kemeys"
"Edward Kemeys","constituent/edward_kemeys"
"Edward Kemeys","constituent/edward_kemeys"
"Rockwell Kent","constituent/kent_rockwell"
"Rockwell Kent","constituent/kent_rockwell"
"Joffa Kerr","constituent/joffa_kerr"
"Joffa Kerr","constituent/joffa_kerr"
"Steve Kestrel","constituent/kestrel_steve"
"Steve Kestrel","constituent/kestrel_steve"
"Steve Kestrel","constituent/kestrel_steve"
"Steve Kestrel","constituent/kestrel_steve"
"Steve Kestrel","constituent/kestrel_steve"
"Steve Kestrel","constituent/kestrel_steve"
"Steve Kestrel","constituent/kestrel_steve"
"Steve Kestrel","constituent/kestrel_steve"
"Steve Kestrel","constituent/kestrel_steve"
"Steve Kestrel","constituent/kestrel_steve"
"Steve Kestrel","constituent/kestrel_steve"
"Steve Kestrel","constituent/kestrel_steve"
"Steve Kestrel","constituent/kestrel_steve"
"Arthur Baldwin King","constituent/arthur_baldwin_king"
"Hans Kleiber","constituent/hans_kleiber"
"Hans Kleiber","constituent/hans_kleiber"
"Hans Kleiber","constituent/hans_kleiber"
"Joseph Day Knap","constituent/day_joseph_knap"
"Charles R. Knight","constituent/charles_knight_r"
"Charles R. Knight","constituent/charles_knight_r"
"Charles R. Knight","constituent/charles_knight_r"
"Charles R. Knight","constituent/charles_knight_r"
"Charles R. Knight","constituent/charles_knight_r"
"Charles R. Knight","constituent/charles_knight_r"
"Kollabs (Anke Schofield and Luis Garcia-Nerey","constituent/and_anke_garcia_kollabs_luis_nerey_schofield"
"Leslie Kouba","constituent/kouba_leslie"
"Leslie Kouba","constituent/kouba_leslie"
"Bob Kuhn","constituent/bob_kuhn"
"Bob Kuhn","constituent/bob_kuhn"
"Bob Kuhn","constituent/bob_kuhn"
"Bob Kuhn","constituent/bob_kuhn"
"Bob Kuhn","constituent/bob_kuhn"
"Bob Kuhn","constituent/bob_kuhn"
"Bob Kuhn","constituent/bob_kuhn"
"Bob Kuhn","constituent/bob_kuhn"
"Bob Kuhn","constituent/bob_kuhn"
"Bob Kuhn","constituent/bob_kuhn"
"Bob Kuhn","constituent/bob_kuhn"
"Bob Kuhn","constituent/bob_kuhn"
"Bob Kuhn","constituent/bob_kuhn"
"Bob Kuhn","constituent/bob_kuhn"
"Bob Kuhn","constituent/bob_kuhn"
"Bob Kuhn","constituent/bob_kuhn"
"Bob Kuhn","constituent/bob_kuhn"
"Bob Kuhn","constituent/bob_kuhn"
"Bob Kuhn","constituent/bob_kuhn"
"Bob Kuhn","constituent/bob_kuhn"
"Bob Kuhn","constituent/bob_kuhn"
"Bob Kuhn","constituent/bob_kuhn"
"Bob Kuhn","constituent/bob_kuhn"
"Bob Kuhn","constituent/bob_kuhn"
"Bob Kuhn","constituent/bob_kuhn"
"Bob Kuhn","constituent/bob_kuhn"
"Bob Kuhn","constituent/bob_kuhn"
"Bob Kuhn","constituent/bob_kuhn"
"Bob Kuhn","constituent/bob_kuhn"
"Bob Kuhn","constituent/bob_kuhn"
"Bob Kuhn","constituent/bob_kuhn"
"Bob Kuhn","constituent/bob_kuhn"
"Bob Kuhn","constituent/bob_kuhn"
"Bob Kuhn","constituent/bob_kuhn"
"Bob Kuhn","constituent/bob_kuhn"
"Bob Kuhn","constituent/bob_kuhn"
"Bob Kuhn","constituent/bob_kuhn"
"Bob Kuhn","constituent/bob_kuhn"
"Bob Kuhn","constituent/bob_kuhn"
"Bob Kuhn","constituent/bob_kuhn"
"Bob Kuhn","constituent/bob_kuhn"
"Bob Kuhn","constituent/bob_kuhn"
"Bob Kuhn","constituent/bob_kuhn"
"Bob Kuhn","constituent/bob_kuhn"
"Bob Kuhn","constituent/bob_kuhn"
"Bob Kuhn","constituent/bob_kuhn"
"Bob Kuhn","constituent/bob_kuhn"
"Bob Kuhn","constituent/bob_kuhn"
"Bob Kuhn","constituent/bob_kuhn"
"Bob Kuhn","constituent/bob_kuhn"
"Bob Kuhn","constituent/bob_kuhn"
"Bob Kuhn","constituent/bob_kuhn"
"Bob Kuhn","constituent/bob_kuhn"
"Bob Kuhn","constituent/bob_kuhn"
"Bob Kuhn","constituent/bob_kuhn"
"Bob Kuhn","constituent/bob_kuhn"
"Bob Kuhn","constituent/bob_kuhn"
"Bob Kuhn","constituent/bob_kuhn"
"Bob Kuhn","constituent/bob_kuhn"
"Bob Kuhn","constituent/bob_kuhn"
"Bob Kuhn","constituent/bob_kuhn"
"Bob Kuhn","constituent/bob_kuhn"
"Bob Kuhn","constituent/bob_kuhn"
"Bob Kuhn","constituent/bob_kuhn"
"Bob Kuhn","constituent/bob_kuhn"
"Bob Kuhn","constituent/bob_kuhn"
"Bob Kuhn","constituent/bob_kuhn"
"Bob Kuhn","constituent/bob_kuhn"
"Bob Kuhn","constituent/bob_kuhn"
"Bob Kuhn","constituent/bob_kuhn"
"Bob Kuhn","constituent/bob_kuhn"
"Bob Kuhn","constituent/bob_kuhn"
"Bob Kuhn","constituent/bob_kuhn"
"Bob Kuhn","constituent/bob_kuhn"
"Bob Kuhn","constituent/bob_kuhn"
"Bob Kuhn","constituent/bob_kuhn"
"Bob Kuhn","constituent/bob_kuhn"
"Bob Kuhn","constituent/bob_kuhn"
"Bob Kuhn","constituent/bob_kuhn"
"Bob Kuhn","constituent/bob_kuhn"
"Bob Kuhn","constituent/bob_kuhn"
"Bob Kuhn","constituent/bob_kuhn"
"Bob Kuhn","constituent/bob_kuhn"
"Bob Kuhn","constituent/bob_kuhn"
"Bob Kuhn","constituent/bob_kuhn"
"Bob Kuhn","constituent/bob_kuhn"
"Bob Kuhn","constituent/bob_kuhn"
"Bob Kuhn","constituent/bob_kuhn"
"Bob Kuhn","constituent/bob_kuhn"
"Bob Kuhn","constituent/bob_kuhn"
"Bob Kuhn","constituent/bob_kuhn"
"Bob Kuhn","constituent/bob_kuhn"
"Bob Kuhn","constituent/bob_kuhn"
"Bob Kuhn","constituent/bob_kuhn"
"Bob Kuhn","constituent/bob_kuhn"
"Bob Kuhn","constituent/bob_kuhn"
"Bob Kuhn","constituent/bob_kuhn"
"Bob Kuhn","constituent/bob_kuhn"
"Bob Kuhn","constituent/bob_kuhn"
"Bob Kuhn","constituent/bob_kuhn"
"Bob Kuhn","constituent/bob_kuhn"
"Bob Kuhn","constituent/bob_kuhn"
"Bob Kuhn","constituent/bob_kuhn"
"Bob Kuhn","constituent/bob_kuhn"
"Bob Kuhn","constituent/bob_kuhn"
"Bob Kuhn","constituent/bob_kuhn"
"Bob Kuhn","constituent/bob_kuhn"
"Bob Kuhn","constituent/bob_kuhn"
"Bob Kuhn","constituent/bob_kuhn"
"Bob Kuhn","constituent/bob_kuhn"
"Bob Kuhn","constituent/bob_kuhn"
"Bob Kuhn","constituent/bob_kuhn"
"Bob Kuhn","constituent/bob_kuhn"
"Bob Kuhn","constituent/bob_kuhn"
"Bob Kuhn","constituent/bob_kuhn"
"Bob Kuhn","constituent/bob_kuhn"
"Bob Kuhn","constituent/bob_kuhn"
"Bob Kuhn","constituent/bob_kuhn"
"Bob Kuhn","constituent/bob_kuhn"
"Bob Kuhn","constituent/bob_kuhn"
"Bob Kuhn","constituent/bob_kuhn"
"Bob Kuhn","constituent/bob_kuhn"
"Bob Kuhn","constituent/bob_kuhn"
"Bob Kuhn","constituent/bob_kuhn"
"Bob Kuhn","constituent/bob_kuhn"
"Bob Kuhn","constituent/bob_kuhn"
"Bob Kuhn","constituent/bob_kuhn"
"Bob Kuhn","constituent/bob_kuhn"
"Bob Kuhn","constituent/bob_kuhn"
"Bob Kuhn","constituent/bob_kuhn"
"Bob Kuhn","constituent/bob_kuhn"
"Bob Kuhn","constituent/bob_kuhn"
"Bob Kuhn","constituent/bob_kuhn"
"Bob Kuhn","constituent/bob_kuhn"
"Bob Kuhn","constituent/bob_kuhn"
"Bob Kuhn","constituent/bob_kuhn"
"Bob Kuhn","constituent/bob_kuhn"
"Bob Kuhn","constituent/bob_kuhn"
"Bob Kuhn","constituent/bob_kuhn"
"Bob Kuhn","constituent/bob_kuhn"
"Bob Kuhn","constituent/bob_kuhn"
"Bob Kuhn","constituent/bob_kuhn"
"Bob Kuhn","constituent/bob_kuhn"
"Bob Kuhn","constituent/bob_kuhn"
"Bob Kuhn","constituent/bob_kuhn"
"Bob Kuhn","constituent/bob_kuhn"
"Bob Kuhn","constituent/bob_kuhn"
"Bob Kuhn","constituent/bob_kuhn"
"Bob Kuhn","constituent/bob_kuhn"
"Bob Kuhn","constituent/bob_kuhn"
"Bob Kuhn","constituent/bob_kuhn"
"Bob Kuhn","constituent/bob_kuhn"
"Bob Kuhn","constituent/bob_kuhn"
"Bob Kuhn","constituent/bob_kuhn"
"Bob Kuhn","constituent/bob_kuhn"
"Bob Kuhn","constituent/bob_kuhn"
"Bob Kuhn","constituent/bob_kuhn"
"Bob Kuhn","constituent/bob_kuhn"
"Bob Kuhn","constituent/bob_kuhn"
"Bob Kuhn","constituent/bob_kuhn"
"Bob Kuhn","constituent/bob_kuhn"
"Bob Kuhn","constituent/bob_kuhn"
"Bob Kuhn","constituent/bob_kuhn"
"Bob Kuhn","constituent/bob_kuhn"
"Bob Kuhn","constituent/bob_kuhn"
"Bob Kuhn","constituent/bob_kuhn"
"Bob Kuhn","constituent/bob_kuhn"
"Bob Kuhn","constituent/bob_kuhn"
"Bob Kuhn","constituent/bob_kuhn"
