Jefferson,Jefferson
Julio Cesar,Cesar; Julio
Victor,Victor
Dani Alves,Alves; Dani
Dante,Dante
David Luiz,Luiz; David
Benot Assou-Ekotto,Assou-Ekotto; Benot
Henrique,Henrique
Maicon,Maicon
Marcelo,Marcelo
Maxwell,Maxwell
Thiago Silva (c),Silva; Thiago (c)
Bernard,Bernard
Fernandinho,Fernandinho
Hernanes,Hernanes
Luiz Gustavo,Gustavo; Luiz
Oscar,Oscar
Paulinho,Paulinho
Ramires,Ramires
Willian,Willian
Fred,Fred
Hulk,Hulk
J,J
Neymar,Neymar
Charles Itandje,Itandje; Charles
Loec Feudjou,Feudjou; Loec
Sammy N'Djock,N'Djock; Sammy
Allan Nyom,Nyom; Allan
Aurelien Chedjou,Chedjou; Aurelien
Cedric Djeugoue,Djeugoue; Cedric
Dany Nounkeu,Nounkeu; Dany
Henri Bedimo,Bedimo; Henri
Nicolas N'Koulou,N'Koulou; Nicolas
Alex Song,Song; Alex
Edgar Salli,Salli; Edgar
Eyong Enoh,Enoh; Eyong
Jean Makoun,Makoun; Jean
Joel Matip,Matip; Joel
Landry N'Guemo,N'Guemo; Landry
Stephane Mbia,Mbia; Stephane
Benjamin Moukandjo,Moukandjo; Benjamin
Fabrice Olinga,Olinga; Fabrice
Maxim Choupo-Moting,Choupo-Moting; Maxim
Pierre Webo,Webo; Pierre
Samuel Eto'o (c),Samuel Eto'o (c)
Vincent Aboubakar,Aboubakar; Vincent
Danijel Subasic,Subasic; Danijel
Oliver Zelenika,Zelenika; Oliver
Stipe Pletikosa,Pletikosa; Stipe
Danijel Pranjic,Pranjic; Danijel
Darijo Srna (c),Srna; Darijo (c)
Dejan Lovren,Lovren; Dejan
Domagoj Vida,Vida; Domagoj
Gordon Schildenfeld,Schildenfeld; Gordon
Sime Vrsaljko,Vrsaljko; Sime
Vedran Corluka,Corluka; Vedran
Milan Badelj,Badelj; Milan
Ivan Perisic,Perisic; Ivan
Ivan Rakitic,Rakitic; Ivan
Luka Modric,Modric; Luka
Marcelo Brozovic,Brozovic; Marcelo
Mateo Kovacic,Kovacic; Mateo
Ognjen Vukojevic,Vukojevic; Ognjen
Sammir,Sammir
Ante Rebic,Rebic; Ante
Eduardo,Eduardo
Ivica Olic,Olic; Ivica
Mario Mandzukic,Mandzukic; Mario
Nikica Jelavic,Jelavic; Nikica
Alfredo Talavera,Talavera; Alfredo
Guillermo Ochoa,Ochoa; Guillermo
Jose de Jesus Corona,
Andres Guardado,Guardado; Andres
Carlos Salcido,Salcido; Carlos
Diego Reyes,Reyes; Diego
Francisco Javier Rodriguez,
Hector Moreno,Moreno; Hector
Miguel Angel Ponce,Angel Ponce; Miguel
Miguel Layun,Layun; Miguel
Paul Aguilar,Aguilar; Paul
Rafael Marquez (c),Marquez; Rafael (c)
Carlos Pena,Pena; Carlos
Hector Herrera,Herrera; Hector
Isaac Brizuela,Brizuela; Isaac
Javier Aquino,Aquino; Javier
Jose Juan Vazquez,
Marco Fabian,Fabian; Marco
Alan Pulido,Pulido; Alan
Giovani dos Santos,
Javier Hernandez,Hernandez; Javier
Oribe Peralta,Peralta; Oribe
Raul Jimenez,Jimenez; Raul
Eugene Galekovic,Galekovic; Eugene
Mathew Ryan,Ryan; Mathew
Mitchell Langerak,Langerak; Mitchell
Alex Wilkinson,Wilkinson; Alex
Bailey Wright,Wright; Bailey
Ivan Franjic,Franjic; Ivan
Jason Davidson,Davidson; Jason
Matthew Spiranovic,Spiranovic; Matthew
Ryan McGowan,McGowan; Ryan
Ben Halloran,Halloran; Ben
Dario Vidosic,Vidosic; Dario
James Holland,Holland; James
James Troisi,Troisi; James
Mark Bresciano,Bresciano; Mark
Mark Milligan,Milligan; Mark
Massimo Luongo,Luongo; Massimo
Matt McKay,McKay; Matt
Mile Jedinak (c),Jedinak; Mile (c)
Oliver Bozanic,Bozanic; Oliver
Tommy Oar,Oar; Tommy
Adam Taggart,Taggart; Adam
Mathew Leckie,Leckie; Mathew
Tim Cahill,Cahill; Tim
Claudio Bravo (c),Bravo; Claudio (c)
Cristopher Toselli,Toselli; Cristopher
Johnny Herrera,Herrera; Johnny
Eugenio Mena,Mena; Eugenio
Gary Medel,Medel; Gary
Gonzalo Jara,Jara; Gonzalo
Jose Rojas,Rojas; Jose
Miiko Albornoz,Albornoz; Miiko
Arturo Vidal,Vidal; Arturo
Carlos Carmona,Carmona; Carlos
Charles Aranguiz,Aranguiz; Charles
Fabian Orellana,Orellana; Fabian
Felipe Gutierrez,Gutierrez; Felipe
Francisco Silva,Silva; Francisco
Jean Beausejour,Beausejour; Jean
Jorge Valdivia,Valdivia; Jorge
Jose Pedro Fuenzalida,
Marcelo Diaz,Diaz; Marcelo
Mauricio Isla,Isla; Mauricio
Alexis Sanchez,Sanchez; Alexis
Eduardo Vargas,Vargas; Eduardo
Esteban Paredes,Paredes; Esteban
Mauricio Pinilla,Pinilla; Mauricio
David de Gea,de Gea; David
Iker Casillas (c),Casillas; Iker (c)
Pepe Reina,Reina; Pepe
Cesar Azpilicueta,Azpilicueta; Cesar
Gerard Pique,Pique; Gerard
Jordi Alba,Alba; Jordi
Juanfran,Juanfran
Raul Albiol,Albiol; Raul
Sergio Ramos,Ramos; Sergio
Andres Iniesta,Iniesta; Andres
Cesc Fabregas,Fabregas; Cesc
David Silva,Silva; David
Javi Martinez,Martinez; Javi
Juan Mata,Mata; Juan
Koke,Koke
Santi Cazorla,Cazorla; Santi
Sergio Busquets,Busquets; Sergio
Xabi Alonso,Alonso; Xabi
Xavi,Xavi
David Villa,Villa; David
Diego Costa,Costa; Diego
Fernando Torres,Torres; Fernando
Pedro,Pedro
Jasper Cillessen,Cillessen; Jasper
Michel Vorm,Vorm; Michel
Tim Krul,Krul; Tim
Bruno Martins Indi,
Daley Blind,Blind; Daley
Daryl Janmaat,Janmaat; Daryl
Joel Veltman,Veltman; Joel
Paul Verhaegh,Verhaegh; Paul
Ron Vlaar,Vlaar; Ron
Stefan de Vrij,
Terence Kongolo,Kongolo; Terence
Arjen Robben,Robben; Arjen
Georginio Wijnaldum,Wijnaldum; Georginio
Jonathan de Guzman,
Jordy Clasie,Clasie; Jordy
Leroy Fer,Fer; Leroy
Memphis Depay,Depay; Memphis
Nigel de Jong,
Wesley Sneijder,Sneijder; Wesley
Dirk Kuyt,Kuyt; Dirk
Jeremain Lens,Lens; Jeremain
Klaas-Jan Huntelaar,Klaas-Jan Huntelaar
Robin van Persie (c),Persie; Robin (c)
Camilo Vargas,Vargas; Camilo
David Ospina,Ospina; David
Faryd Mondragon,Mondragon; Faryd
Carlos Valdes,Valdes; Carlos
Cristian Zapata,Zapata; Cristian
Eder Alvarez Balanta,
Juan Camilo Zuniga,
Mario Yepes (c),Yepes; Mario (c)
Pablo Armero,Armero; Pablo
Santiago Arias,Arias; Santiago
Abel Aguilar,Aguilar; Abel
Carlos Carbonero,Carbonero; Carlos
Alexander Mejia,Mejia; Alexander
Carlos Sanchez,Sanchez; Carlos
Fredy Guarin,Guarin; Fredy
James Rodriguez,Rodriguez; James
Juan Fernando Quintero,
Juan Guillermo Cuadrado,Guillermo Cuadrado; Juan
Victor Ibarbo,Ibarbo; Victor
Adrian Ramos,Ramos; Adrian
Carlos Bacca,Bacca; Carlos
Jackson Martinez,Martinez; Jackson
Teofilo Gutierrez,Gutierrez; Teofilo
Boubacar Barry,Barry; Boubacar
Sayouba Mande,Mande; Sayouba
Sylvain Gbohouo,Gbohouo; Sylvain
Arthur Boka,Boka; Arthur
Constant Djakpa,Djakpa; Constant
Didier Zokora,Zokora; Didier
Jean-Daniel Akpa-Akpro,Daniel Akpa-Akpro; Jean
Kolo Toure,Toure; Kolo
Ousmane Viera,Viera; Ousmane
Serge Aurier,Aurier; Serge
Sol Bamba,Bamba; Sol
Cheick Tiote,Tiote; Cheick
Didier Ya Konan,Ya Konan; Didier
Ismael Diomande,Diomande; Ismael
Serey Die,Die; Serey
Yaya Toure,Toure; Yaya
Didier Drogba (c),Drogba; Didier (c)
Gervinho,Gervinho
Giovanni Sio,Sio; Giovanni
Mathis Bolly,Bolly; Mathis
Max Gradel,Gradel; Max
Salomon Kalou,Kalou; Salomon
Wilfried Bony,Bony; Wilfried
Orestis Karnezis,Karnezis; Orestis
Panagiotis Glykos,Glykos; Panagiotis
Stefanos Kapino,Kapino; Stefanos
Giannis Maniatis,Maniatis; Giannis
Giorgos Tzavellas,Tzavellas; Giorgos
Jose Holebas,Holebas; Jose
Kostas Manolas,Manolas; Kostas
Loukas Vyntra,Vyntra; Loukas
Sokratis Papastathopoulos,Papastathopoulos; Sokratis
Vangelis Moras,Moras; Vangelis
Vasilis Torosidis,Torosidis; Vasilis
Alexandros Tziolis,Tziolis; Alexandros
Andreas Samaris,Samaris; Andreas
Giannis Fetfatzidis,Fetfatzidis; Giannis
Giorgos Karagounis (c),Karagounis; Giorgos (c)
Kostas Katsouranis,Katsouranis; Kostas
Lazaros Christodoulopoulos,Christodoulopoulos; Lazaros
Panagiotis Kone,Kone; Panagiotis
Panagiotis Tachtsidis,Tachtsidis; Panagiotis
Dimitris Salpingidis,Salpingidis; Dimitris
Giorgos Samaras,Samaras; Giorgos
Kostas Mitroglou,Mitroglou; Kostas
Theofanis Gekas,Gekas; Theofanis
Eiji Kawashima,Kawashima; Eiji
Shichi Gonda,Gonda; Shichi
Shusaku Nishikawa,Nishikawa; Shusaku
Atsuto Uchida,Uchida; Atsuto
Gtoku Sakai,Sakai; Gtoku
Hiroki Sakai,Sakai; Hiroki
Masahiko Inoha,Inoha; Masahiko
Masato Morishige,Morishige; Masato
Maya Yoshida,Yoshida; Maya
Yasuyuki Konno,Konno; Yasuyuki
Yuto Nagatomo,Nagatomo; Yuto
Hiroshi Kiyotake,Kiyotake; Hiroshi
Hotaru Yamaguchi,Yamaguchi; Hotaru
Keisuke Honda,Honda; Keisuke
Makoto Hasebe (c),Hasebe; Makoto (c)
Shinji Kagawa,Kagawa; Shinji
Toshihiro Aoyama,Aoyama; Toshihiro
Yasuhito End,End; Yasuhito
Manabu Sait,Sait; Manabu
Shinji Okazaki,Okazaki; Shinji
Yoichiro Kakitani,Kakitani; Yoichiro
Yoshito kubo,kubo; Yoshito
Yuya Osako,Osako; Yuya
Ben Foster,Foster; Ben
Fraser Forster,Forster; Fraser
Joe Hart,Hart; Joe
Chris Smalling,Smalling; Chris
Gary Cahill,Cahill; Gary
Glen Johnson,Johnson; Glen
Leighton Baines,Baines; Leighton
Luke Shaw,Shaw; Luke
Phil Jagielka,Jagielka; Phil
Phil Jones,Jones; Phil
Adam Lallana,Lallana; Adam
Alex Oxlade-Chamberlain,Oxlade-Chamberlain; Alex
Frank Lampard,Lampard; Frank
Jack Wilshere,Wilshere; Jack
James Milner,Milner; James
Jordan Henderson,Henderson; Jordan
Raheem Sterling,Sterling; Raheem
Ross Barkley,Barkley; Ross
Steven Gerrard (c),Gerrard; Steven (c)
Daniel Sturridge,Sturridge; Daniel
Danny Welbeck,Welbeck; Danny
Rickie Lambert,Lambert; Rickie
Wayne Rooney,Rooney; Wayne
Daniel Cambronero,Cambronero; Daniel
Keylor Navas,Navas; Keylor
Patrick Pemberton,Pemberton; Patrick
Cristian Gamboa,Gamboa; Cristian
Giancarlo Gonzalez,Gonzalez; Giancarlo
Heiner Mora,Mora; Heiner
Johnny Acosta,Acosta; Johnny
Junior Diaz,Diaz; Junior
Michael Umana,Umana; Michael
Oscar Duarte,Duarte; Oscar
Roy Miller,Miller; Roy
Waylon Francis,Francis; Waylon
Celso Borges,Borges; Celso
Christian Bolanos,Bolanos; Christian
Diego Calvo,Calvo; Diego
Esteban Granados,Granados; Esteban
Jose Miguel Cubero,
Michael Barrantes,Barrantes; Michael
Yeltsin Tejeda,Tejeda; Yeltsin
Bryan Ruiz (c),Ruiz; Bryan (c)
Joel Campbell,Campbell; Joel
Marco Urena,Urena; Marco
Randall Brenes,Brenes; Randall
Gianluigi Buffon (c),Buffon; Gianluigi (c)
Mattia Perin,Perin; Mattia
Salvatore Sirigu,Sirigu; Salvatore
Andrea Barzagli,Barzagli; Andrea
Gabriel Paletta,Paletta; Gabriel
Giorgio Chiellini,Chiellini; Giorgio
Ignazio Abate,Abate; Ignazio
Leonardo Bonucci,Bonucci; Leonardo
Matteo Darmian,Darmian; Matteo
Mattia De Sciglio,De Sciglio; Mattia
Alberto Aquilani,Aquilani; Alberto
Andrea Pirlo,Pirlo; Andrea
Antonio Candreva,Candreva; Antonio
Claudio Marchisio,Marchisio; Claudio
Daniele De Rossi,
Marco Parolo,Parolo; Marco
Marco Verratti,Verratti; Marco
Thiago Motta,Motta; Thiago
Alessio Cerci,Cerci; Alessio
Antonio Cassano,Cassano; Antonio
Ciro Immobile,Immobile; Ciro
Lorenzo Insigne,Insigne; Lorenzo
Mario Balotelli,Balotelli; Mario
Fernando Muslera,Muslera; Fernando
Martin Silva,Silva; Martin
Rodrigo Munoz,Munoz; Rodrigo
Diego Godin,Godin; Diego
Diego Lugano (c),Lugano; Diego (c)
Jorge Fucile,Fucile; Jorge
Jose Maria Gimenez,
Martin Caceres,Caceres; Martin
Maxi Pereira,Pereira; Maxi
Sebastian Coates,Coates; Sebastian
alvaro Gonzalez,Gonzalez; alvaro
alvaro Pereira,Pereira; alvaro
Cristian Rodriguez,Rodriguez; Cristian
Diego Perez,Perez; Diego
Egidio Arevalo Rios,Arevalo Rios; Egidio
Gaston Ramirez,Ramirez; Gaston
Nicolas Lodeiro,Lodeiro; Nicolas
Walter Gargano,Gargano; Walter
Abel Hernandez,Hernandez; Abel
Christian Stuani,Stuani; Christian
Diego Forlan,Forlan; Diego
Edinson Cavani,Cavani; Edinson
Luis Suarez,Suarez; Luis
Adrian Bone,Bone; Adrian
Alexander Dominguez,Dominguez; Alexander
Maximo Banguera,Banguera; Maximo
Frickson Erazo,Erazo; Frickson
Gabriel Achilier,Achilier; Gabriel
Jorge Guagua,Guagua; Jorge
Juan Carlos Paredes,
oscar Bagi,Bagi; oscar
Walter Ayovi,Ayovi; Walter
Antonio Valencia (c),Valencia; Antonio (c)
Carlos Gruezo,Gruezo; Carlos
Christian Noboa,Noboa; Christian
Edison Mendez,Mendez; Edison
Fidel Martinez,Martinez; Fidel
Jefferson Montero,Montero; Jefferson
Joao Rojas,Rojas; Joao
Luis Saritama,Saritama; Luis
Michael Arroyo,Arroyo; Michael
Renato Ibarra,Ibarra; Renato
Segundo Castillo,Castillo; Segundo
Enner Valencia,Valencia; Enner
Felipe Caicedo,Caicedo; Felipe
Jaime Ayovi,Ayovi; Jaime
Hugo Lloris (c),Lloris; Hugo (c)
Mickael Landreau,Landreau; Mickael
Stephane Ruffier,Ruffier; Stephane
Bacary Sagna,Sagna; Bacary
Eliaquim Mangala,Mangala; Eliaquim
Laurent Koscielny,Koscielny; Laurent
Lucas Digne,Digne; Lucas
Mamadou Sakho,Sakho; Mamadou
Mathieu Debuchy,Debuchy; Mathieu
Patrice Evra,Evra; Patrice
Raphael Varane,Varane; Raphael
Antoine Griezmann,Griezmann; Antoine
Blaise Matuidi,Matuidi; Blaise
Morgan Schneiderlin,Schneiderlin; Morgan
Remy Cabella,Cabella; Remy
Mathieu Valbuena,Valbuena; Mathieu
Moussa Sissoko,Sissoko; Moussa
Paul Pogba,Pogba; Paul
Rio Mavuba,Mavuba; Rio
Yohan Cabaye,Cabaye; Yohan
Karim Benzema,Benzema; Karim
Loec Remy,Remy; Loec
Olivier Giroud,Giroud; Olivier
Donis Escober,Escober; Donis
Luis Lopez,Lopez; Luis
Noel Valladares (c),Valladares; Noel (c)
Brayan Beckeles,Beckeles; Brayan
Emilio Izaguirre,Izaguirre; Emilio
Juan Carlos Garcia,
Juan Pablo Montes,
Maynor Figueroa,Figueroa; Maynor
Osman Chavez,Chavez; Osman
Victor Bernardez,Bernardez; Victor
Andy Najar,Najar; Andy
Edder Delgado,Delgado; Edder
Jorge Claros,Claros; Jorge
Luis Garrido,Garrido; Luis
Mario Martinez,Martinez; Mario
Marvin Chavez,Chavez; Marvin
oscar Garcia,Garcia; oscar
Roger Espinoza,Espinoza; Roger
Wilson Palacios,Palacios; Wilson
Carlo Costly,Costly; Carlo
Jerry Bengtson,Bengtson; Jerry
Jerry Palacios,Palacios; Jerry
Rony Martinez,Martinez; Rony
Diego Benaglio,Benaglio; Diego
Roman Brki,Brki; Roman
Yann Sommer,Sommer; Yann
Fabian Schr,Schr; Fabian
Johan Djourou,Djourou; Johan
Michael Lang,Lang; Michael
Philippe Senderos,Senderos; Philippe
Reto Ziegler,Ziegler; Reto
Ricardo Rodriguez,Rodriguez; Ricardo
Stephan Lichtsteiner,Lichtsteiner; Stephan
Steve von Bergen,
Blerim Dzemaili,Dzemaili; Blerim
Gelson Fernandes,Fernandes; Gelson
Gkhan Inler (c),Inler; Gkhan (c)
Granit Xhaka,Xhaka; Granit
Tranquillo Barnetta,Barnetta; Tranquillo
Valentin Stocker,Stocker; Valentin
Valon Behrami,Behrami; Valon
Xherdan Shaqiri,Shaqiri; Xherdan
Admir Mehmedi,Mehmedi; Admir
Haris Seferovic,Seferovic; Haris
Josip Drmic,Drmic; Josip
Mario Gavranovic,Gavranovic; Mario
Agustin Orion,Orion; Agustin
Mariano Andujar,Andujar; Mariano
Sergio Romero,Romero; Sergio
Ezequiel Garay,Garay; Ezequiel
Federico Fernandez,Fernandez; Federico
Hugo Campagnaro,Campagnaro; Hugo
Jose Maria Basanta,
Marcos Rojo,Rojo; Marcos
Martin Demichelis,Demichelis; Martin
Pablo Zabaleta,Zabaleta; Pablo
angel di Maria,
Augusto Fernandez,Fernandez; Augusto
Enzo Perez,Perez; Enzo
Fernando Gago,Gago; Fernando
Javier Mascherano,Mascherano; Javier
Lucas Biglia,Biglia; Lucas
Maxi Rodriguez,Rodriguez; Maxi
Ricardo alvarez,alvarez; Ricardo
Ezequiel Lavezzi,Lavezzi; Ezequiel
Gonzalo Higuain,Higuain; Gonzalo
Lionel Messi (c),Messi; Lionel (c)
Rodrigo Palacio,Palacio; Rodrigo
Sergio Agero,Agero; Sergio
Asmir Avdukic,Avdukic; Asmir
Asmir Begovic,Begovic; Asmir
Jasmin Fejzic,Fejzic; Jasmin
Avdija Vrsajevic,Vrsajevic; Avdija
Emir Spahic (c),Spahic; Emir (c)
Ermin Bicakcic,Bicakcic; Ermin
Mensur Mujdza,Mujdza; Mensur
Muhamed Besic,Besic; Muhamed
Ognjen Vranjes,Vranjes; Ognjen
Sead Kolasinac,Kolasinac; Sead
Toni sunjic,sunjic; Toni
Anel Hadzic,Hadzic; Anel
Haris Medunjanin,Medunjanin; Haris
Izet Hajrovic,Hajrovic; Izet
Miralem Pjanic,Pjanic; Miralem
Sejad Salihovic,Salihovic; Sejad
Senad Lulic,Lulic; Senad
