Christensen; Andreas,Andreas Christensen
Hahn; Andr,Andr Hahn
Johnson; Fabian,Fabian Johnson
Schulz; Nico,Nico Schulz
Schulz; Marvin,Marvin Schulz
Wendt; Oscar,Oscar Wendt
Elvedi; Nico,Nico Elvedi
Xhaka; Granit,Granit Xhaka
Heimeroth; Christofer,Christofer Heimeroth
Hrgota; Branimir,Branimir Hrgota
Stranzl; Martin,Martin Stranzl
Ritter; Marlon,Marlon Ritter
Hazard; Thorgan,Thorgan Hazard
Sippel; Tobias,Tobias Sippel
Stindl; Lars,Lars Stindl
Drmic; Josip,Josip Drmic
Sommer; Yann,Yann Sommer
Raffael,Raffael
Korb; Julian,Julian Korb
Nordtveit; Havard,Havard Nordtveit
Dahoud; Mahmoud,Mahmoud Dahoud
Herrmann; Patrick,Patrick Herrmann
Brouwers; Roel,Roel Brouwers
Alvaro Dominguez,Alvaro Dominguez
Jantschke; Tony,Tony Jantschke
Traor; Ibrahima,Ibrahima Traor
Ascues; Carlos,Carlos Ascues
Seguin; Paul,Paul Seguin
Grn; Max,Max Grn
Schfer; Marcel,Marcel Schfer
Luiz Gustavo,Luiz Gustavo
Dost; Bas,Bas Dost
Schrrle; Andr,Andr Schrrle
Bendtner; Nicklas,Nicklas Bendtner
Draxler; Julian,Julian Draxler
Rodriguez; Ricardo,Ricardo Rodriguez
Vieirinha,Vieirinha
Stolze; Sebastian,Sebastian Stolze
Zawada; Oskar,Oskar Zawada
Arnold; Maximilian,Maximilian Arnold
Trsch; Christian,Christian Trsch
Knoche; Robin,Robin Knoche
Dante,Dante
Felipe,Felipe
Naldo,Naldo
Kruse; Max,Max Kruse
Sprenger; Moritz,Moritz Sprenger
Azzaoui; Ismail,Ismail Azzaoui
Caligiuri; Daniel,Daniel Caligiuri
Jung; Sebastian,Sebastian Jung
Guilavogui; Josuha,Josuha Guilavogui
Rodriguez; Francisco,Francisco Rodriguez
Klose; Timm,Timm Klose
Benaglio; Diego,Diego Benaglio
Casteels; Koen,Koen Casteels
Hofmann; Jonas,Jonas Hofmann
Sahin; Nuri,Nuri Sahin
Bonmann; Hendrik,Hendrik Bonmann
Sokratis,Sokratis
Leitner; Moritz,Moritz Leitner
Aubameyang; Pierre-Emerick,Pierre-Emerick Aubameyang
Kagawa; Shinji,Shinji Kagawa
Reus; Marco,Marco Reus
Schmelzer; Marcel,Marcel Schmelzer
Bender; Sven,Sven Bender
Grokreutz; Kevin,Kevin Grokreutz
Ginter; Matthias,Matthias Ginter
Januzaj; Adnan,Adnan Januzaj
Mkhitaryan; Henrikh,Henrikh Mkhitaryan
Subotic; Neven,Neven Subotic
Park; Joo-Ho,Joo-Ho Park
Weidenfeller; Roman,Roman Weidenfeller
Hummels; Mats,Mats Hummels
Brki; Roman,Roman Brki
Weigl; Julian,Julian Weigl
Gndogan; Ilkay,Ilkay Gndogan
Durm; Erik,Erik Durm
Piszczek; Lukasz,Lukasz Piszczek
Ramos; Adrian,Adrian Ramos
Castro; Gonzalo,Gonzalo Castro
Garcia; Santiago,Santiago Garcia
Busch; Marnon,Marnon Busch
Wiedwald; Felix,Felix Wiedwald
Eggestein; Maximilian,Maximilian Eggestein
Kroos; Felix,Felix Kroos
Galvez; Alejandro,Alejandro Galvez
Ujah; Anthony,Anthony Ujah
Zetterer; Michael,Michael Zetterer
Aycicek; Levent,Levent Aycicek
Garcia; Ulisses,Ulisses Garcia
Husic; Raif,Raif Husic
Junuzovic; Zlatko,Zlatko Junuzovic
Lorenzen; Melvyn,Melvyn Lorenzen
Grillitsch; Florian,Florian Grillitsch
Pavlovic; Mateo,Mateo Pavlovic
Wolf; Raphael,Raphael Wolf
Yildirim; zkan,zkan Yildirim
Bargfrede; Philipp,Philipp Bargfrede
Lukimya; Assani,Assani Lukimya
Hsing; Oliver,Oliver Hsing
Vestergaard; Jannik,Jannik Vestergaard
Johannsson; Aron,Aron Johannsson
Gebre Selassie; Theodor,Theodor Gebre Selassie
Sternberg; Janek,Janek Sternberg
Zander; Luca-Milan,Luca-Milan Zander
Frde; Lukas,Lukas Frde
von Haacke; Julian,Julian von Haacke
Bartels; Fin,Fin Bartels
Fritz; Clemens,Clemens Fritz
ztunali; Levin,Levin ztunali
Bobadilla; Raul,Raul Bobadilla
Janker; Christoph,Christoph Janker
Max; Philipp,Philipp Max
Ekin; Arif,Arif Ekin
Callsen-Bracker; Jan-Ingwer,Jan-Ingwer Callsen-Bracker
Mlders; Sascha,Sascha Mlders
Hong; Jeong-Ho,Jeong-Ho Hong
Manninger; Alexander,Alexander Manninger
Trochowski; Piotr,Piotr Trochowski
Opare; Daniel,Daniel Opare
Feulner; Markus,Markus Feulner
Rieder; Tim,Tim Rieder
Parker; Shawn,Shawn Parker
Kohr; Dominik,Dominik Kohr
Baier; Daniel,Daniel Baier
Ji; Dong-Won,Dong-Won Ji
Gelios; Ioannis,Ioannis Gelios
Klavan; Ragnar,Ragnar Klavan
Framberger; Raphael,Raphael Framberger
Moravek; Jan,Jan Moravek
Schuster; Marco,Marco Schuster
Uhde; Maik,Maik Uhde
Matavz; Tim,Tim Matavz
Koo; Ja-Cheol,Ja-Cheol Koo
Altintop; Halil,Halil Altintop
Oettl; Yannik,Yannik Oettl
Stafylidis; Konstantinos,Konstantinos Stafylidis
Esswein; Alexander,Alexander Esswein
Caiuby,Caiuby
Hitz; Marwin,Marwin Hitz
Verhaegh; Paul,Paul Verhaegh
Kurz; Bastian,Bastian Kurz
Reinthaler; Max,Max Reinthaler
Werner; Tobias,Tobias Werner
Cleber,Cleber
Djourou; Johan,Johan Djourou
Ekdal; Albin,Albin Ekdal
Drobny; Jaroslav,Jaroslav Drobny
Hirzel; Andreas,Andreas Hirzel
Marcos; Ronny,Ronny Marcos
Hunt; Aaron,Aaron Hunt
Jung; Gideon,Gideon Jung
Schipplock; Sven,Sven Schipplock
Stieber; Zoltan,Zoltan Stieber
Gtz; Ashton-Phillip,Ashton-Phillip Gtz
Lasogga; Pierre-Michel,Pierre-Michel Lasogga
Kacar; Gojko,Gojko Kacar
Mller; Philipp,Philipp Mller
Mller; Nicolai,Nicolai Mller
Spahic; Emir,Emir Spahic
Rudnevs; Artjoms,Artjoms Rudnevs
Ostrzolek; Matthias,Matthias Ostrzolek
Diaz; Marcelo,Marcelo Diaz
Olic; Ivica,Ivica Olic
Diekmeier; Dennis,Dennis Diekmeier
Holtby; Lewis,Lewis Holtby
Adler; Ren,Ren Adler
Gregoritsch; Michael,Michael Gregoritsch
Altintas; Batuhan,Batuhan Altintas
Sakai; Gotoku,Gotoku Sakai
Ilicevic; Ivo,Ivo Ilicevic
Vogt; Kevin,Kevin Vogt
Olkowski; Pawel,Pawel Olkowski
Osako; Yuya,Yuya Osako
Nagasawa; Kazuki,Kazuki Nagasawa
Kessler; Thomas,Thomas Kessler
Srensen; Frederik,Frederik Srensen
Bittencourt; Leonardo,Leonardo Bittencourt
Modeste; Anthony,Anthony Modeste
Finne; Bard,Bard Finne
Hosiner; Philipp,Philipp Hosiner
Maroh; Dominic,Dominic Maroh
Gerhardt; Yannick,Yannick Gerhardt
Svento; Dusan,Dusan Svento
Mesenhler; Daniel,Daniel Mesenhler
Heintz; Dominique,Dominique Heintz
Risse; Marcel,Marcel Risse
Mavraj; Mergim,Mergim Mavraj
Jojic; Milos,Milos Jojic
Hector; Jonas,Jonas Hector
Lehmann; Matthias,Matthias Lehmann
Zoller; Simon,Simon Zoller
Horn; Timo,Timo Horn
Jairo,Jairo
Zimling; Niki,Niki Zimling
Baumgartlinger; Julian,Julian Baumgartlinger
Jara; Gonzalo,Gonzalo Jara
Huth; Jannik,Jannik Huth
Moritz; Christoph,Christoph Moritz
Bengtsson; Pierre,Pierre Bengtsson
Cordoba; Jhon,Jhon Cordoba
De Blasis; Pablo,Pablo De Blasis
Curci; Gianluca,Gianluca Curci
Soto; Elkin,Elkin Soto
Muto; Yoshinori,Yoshinori Muto
Niederlechner; Florian,Florian Niederlechner
Latza; Danny,Danny Latza
Malli; Yunus,Yunus Malli
Bell; Stefan,Stefan Bell
Karius; Loris,Loris Karius
Clemens; Christian,Christian Clemens
Bussmann; Gaetan,Gaetan Bussmann
Beister; Maximilian,Maximilian Beister
Bungert; Niko,Niko Bungert
Brosinski; Daniel,Daniel Brosinski
Frei; Fabian,Fabian Frei
Parker; Devante,Devante Parker
Serdar; Suat,Suat Serdar
Nedelev; Todor,Todor Nedelev
Balogun; Leon,Leon Balogun
Sereno; Henrique,Henrique Sereno
Rafinha,Rafinha
Kimmich; Joshua,Joshua Kimmich
Badstuber; Holger,Holger Badstuber
Green; Julian,Julian Green
Coman; Kingsley,Kingsley Coman
Gaudino; Gianluca,Gianluca Gaudino
Javi Martinez,Javi Martinez
Rode; Sebastian,Sebastian Rode
Robben; Arjen,Arjen Robben
Vidal; Arturo,Arturo Vidal
Boateng; Jerome,Jerome Boateng
Ulreich; Sven,Sven Ulreich
Xabi Alonso,Xabi Alonso
Kirchhoff; Jan,Jan Kirchhoff
Neuer; Manuel,Manuel Neuer
Kurt; Sinan,Sinan Kurt
Douglas Costa,Douglas Costa
Gtze; Mario,Mario Gtze
Lahm; Philipp,Philipp Lahm
Thiago,Thiago
Starke; Tom,Tom Starke
Alaba; David,David Alaba
Mller; Thomas,Thomas Mller
Ribery; Franck,Franck Ribery
Juan Bernat,Juan Bernat
Lewandowski; Robert,Robert Lewandowski
Weihrauch; Patrick,Patrick Weihrauch
Benatia; Medhi,Medhi Benatia
Prib; Edgar,Edgar Prib
Hirsch; Maurice,Maurice Hirsch
Schmiedebach; Manuel,Manuel Schmiedebach
Saint-Maximin; Allan,Allan Saint-Maximin
Zieler; Ron-Robert,Ron-Robert Zieler
Glselam; Ceyhun,Ceyhun Glselam
Klaus; Felix,Felix Klaus
Albornoz; Miiko,Miiko Albornoz
Bhre; Mike-Steven,Mike-Steven Bhre
Kiyotake; Hiroshi,Hiroshi Kiyotake
Rankovic; Vladimir,Vladimir Rankovic
Schulz; Christian,Christian Schulz
Andreasen; Leon,Leon Andreasen
Knigsmann; Timo,Timo Knigsmann
San; Salif,Salif San
Anton; Waldemar,Waldemar Anton
Sorg; Oliver,Oliver Sorg
Radlinger; Samuel,Samuel Radlinger
Teichgrber; Niklas,Niklas Teichgrber
Erdinc; Mevlt,Mevlt Erdinc
Marcelo,Marcelo
Felipe,Felipe
Hoffmann; Andre,Andre Hoffmann
Karaman; Kenan,Kenan Karaman
Dieren; Tim,Tim Dieren
Ernst; Sebastian,Sebastian Ernst
Sakai; Hiroki,Hiroki Sakai
Benschop; Charlison,Charlison Benschop
Bech; Uffe,Uffe Bech
Tschauner; Philipp,Philipp Tschauner
Sobiech; Artur,Artur Sobiech
Sulejmani; Valmir,Valmir Sulejmani
Medojevic; Slobodan,Slobodan Medojevic
Kinsombi; David,David Kinsombi
Anderson,Anderson
Hasebe; Makoto,Makoto Hasebe
Ignjovski; Aleksandar,Aleksandar Ignjovski
Reinartz; Stefan,Stefan Reinartz
Gacinovic; Mijat,Mijat Gacinovic
Djakpa; Constant,Constant Djakpa
Kittel; Sonny,Sonny Kittel
Seferovic; Haris,Haris Seferovic
Gerezgiher; Joel,Joel Gerezgiher
Lindner; Heinz,Heinz Lindner
Chandler; Timothy,Timothy Chandler
Castaignos; Luc,Luc Castaignos
Flum; Johannes,Johannes Flum
Kadlec; Vaclav,Vaclav Kadlec
Abraham; David,David Abraham
Russ; Marco,Marco Russ
Meier; Alexander,Alexander Meier
Balayev; Emil,Emil Balayev
Hradecky; Lukas,Lukas Hradecky
Zambrano; Carlos,Carlos Zambrano
Waldschmidt; Luca,Luca Waldschmidt
Stendera; Marc,Marc Stendera
Aigner; Stefan,Stefan Aigner
Zummack; Yannick,Yannick Zummack
Oczipka; Bastian,Bastian Oczipka
Ben-Hatira; nis,nis Ben-Hatira
van den Bergh; Johannes,Johannes van den Bergh
Krber; Nils-Jonathan,Nils-Jonathan Krber
Kohls; Florian,Florian Kohls
Jarstein; Rune,Rune Jarstein
Cigerci; Tolga,Tolga Cigerci
Stark; Niklas,Niklas Stark
Gersbeck; Marius,Marius Gersbeck
Allagui; Sami,Sami Allagui
Kalou; Salomon,Salomon Kalou
Hegeler; Jens,Jens Hegeler
Plattenhardt; Marvin,Marvin Plattenhardt
Stocker; Valentin,Valentin Stocker
Skjelbred; Per Ciljan,Per Ciljan Skjelbred
Baumjohann; Alexander,Alexander Baumjohann
Haraguchi; Genki,Genki Haraguchi
Ronny,Ronny
Brooks; John Anthony,John Anthony Brooks
Weiser; Mitchell,Mitchell Weiser
Ibisevic; Vedad,Vedad Ibisevic
Lustenberger; Fabian,Fabian Lustenberger
Pekarik; Peter,Peter Pekarik
Langkamp; Sebastian,Sebastian Langkamp
Darida; Vladimir,Vladimir Darida
Beerens; Roy,Roy Beerens
Schieber; Julian,Julian Schieber
Kraft; Thomas,Thomas Kraft
Mittelstdt; Maximilian,Maximilian Mittelstdt
Baumann; Oliver,Oliver Baumann
Volland; Kevin,Kevin Volland
Polanski; Eugen,Eugen Polanski
Kuranyi; Kevin,Kevin Kuranyi
Elyounoussi; Tarik,Tarik Elyounoussi
Kim; Jin-Su,Jin-Su Kim
Strobl; Tobias,Tobias Strobl
Szalai; Adam,Adam Szalai
Schmid; Jonathan,Jonathan Schmid
Rapp; Nicolai,Nicolai Rapp
Joelinton,Joelinton
Schr; Fabian,Fabian Schr
Grahl; Jens,Jens Grahl
Rudy; Sebastian,Sebastian Rudy
Malbasic; Filip,Filip Malbasic
Zuber; Steven,Steven Zuber
Kaderabek; Pavel,Pavel Kaderabek
Ochs; Philipp,Philipp Ochs
Sle; Niklas,Niklas Sle
Schwegler; Pirmin,Pirmin Schwegler
Herdling; Kai,Kai Herdling
Gimber; Benedikt,Benedikt Gimber
Vargas; Eduardo,Eduardo Vargas
Bicakcic; Ermin,Ermin Bicakcic
Amiri; Nadiem,Nadiem Amiri
Hamad; Jiloan,Jiloan Hamad
Uth; Mark,Mark Uth
Stolz; Alexander,Alexander Stolz
Toljan; Jeremy,Jeremy Toljan
Gro; Pascal,Pascal Gro
Leckie; Mathew,Mathew Leckie
Kachunga; Elias,Elias Kachunga
Bregerie; Romain,Romain Bregerie
Nyland; rjan,rjan Nyland
Levels; Tobias,Tobias Levels
Hinterseer; Lukas,Lukas Hinterseer
Multhaup; Maurice,Maurice Multhaup
Danilo,Danilo
Engel; Konstantin,Konstantin Engel
Pledl; Thomas,Thomas Pledl
Ortag; Christian,Christian Ortag
Bauer; Robert,Robert Bauer
Christiansen; Max,Max Christiansen
Morales; Alfredo,Alfredo Morales
Hbner; Benjamin,Benjamin Hbner
Suttner; Markus,Markus Suttner
Roger,Roger
Cohen; Almog,Almog Cohen
Pekhart; Tomas,Tomas Pekhart
zcan; Ramazan,Ramazan zcan
da Costa; Danny,Danny da Costa
Matip; Marvin,Marvin Matip
Lex; Stefan,Stefan Lex
Wannenwetsch; Stefan,Stefan Wannenwetsch
Hartmann; Moritz,Moritz Hartmann
Gruezo; Carlos,Carlos Gruezo
Langerak; Mitchell,Mitchell Langerak
Heise; Philip,Philip Heise
Werner; Timo,Timo Werner
Tyton; Przemyslaw,Przemyslaw Tyton
Kostic; Filip,Filip Kostic
Gentner; Christian,Christian Gentner
Ferati; Arianit,Arianit Ferati
Serey Di,Serey Di
Sunjic; Toni,Toni Sunjic
Didavi; Daniel,Daniel Didavi
Baumgartl; Timo,Timo Baumgartl
Schwaab; Daniel,Daniel Schwaab
Hlousek; Adam,Adam Hlousek
Insua; Emiliano,Emiliano Insua
Niedermeier; Georg,Georg Niedermeier
Klein; Florian,Florian Klein
Wanitzek; Marvin,Marvin Wanitzek
Kiesewetter; Jerome,Jerome Kiesewetter
Ginczek; Daniel,Daniel Ginczek
Kruse; Robbie,Robbie Kruse
Harnik; Martin,Martin Harnik
Maxim; Alexandru,Alexandru Maxim
Ristl; Mart,Mart Ristl
Vlachodimos; Odisseas,Odisseas Vlachodimos
Kliment; Jan,Jan Kliment
Rupp; Lukas,Lukas Rupp
Kramer; Christoph,Christoph Kramer
Ryu; Seung-Woo,Seung-Woo Ryu
Hernandez; Javier,Javier Hernandez
Frey; Marlon,Marlon Frey
Jedvaj; Tin,Tin Jedvaj
Tah; Jonathan,Jonathan Tah
Leno; Bernd,Bernd Leno
Hilbert; Roberto,Roberto Hilbert
Wendell,Wendell
Kieling; Stefan,Stefan Kieling
Calhanoglu; Hakan,Hakan Calhanoglu
Toprak; mer,mer Toprak
Kresic; Dario,Dario Kresic
Boenisch; Sebastian,Sebastian Boenisch
Yelldell; David,David Yelldell
Boeder; Lukas,Lukas Boeder
Brandt; Julian,Julian Brandt
Donati; Giulio,Giulio Donati
Kampl; Kevin,Kevin Kampl
Papadopoulos; Kyriakos,Kyriakos Papadopoulos
Aranguiz; Charles,Charles Aranguiz
Ramalho; Andr,Andr Ramalho
Yurchenko; Vladlen,Vladlen Yurchenko
Mehmedi; Admir,Admir Mehmedi
Bellarabi; Karim,Karim Bellarabi
Bender; Lars,Lars Bender
Sailer; Marco,Marco Sailer
Finger; Jan,Jan Finger
Holland; Fabian,Fabian Holland
Kazimi; Ali,Ali Kazimi
Ivana; Milan,Milan Ivana
Heller; Marcel,Marcel Heller
Jungwirth; Florian,Florian Jungwirth
Caldirola; Luca,Luca Caldirola
Volk; Nick,Nick Volk
Gorka; Benjamin,Benjamin Gorka
Sirigu; Sandro,Sandro Sirigu
Rausch; Konstantin,Konstantin Rausch
Wembacher; Noel,Noel Wembacher
Mathenia; Christian,Christian Mathenia
Junior Diaz,Junior Diaz
Wagner; Sandro,Sandro Wagner
Stroh-Engel; Dominik,Dominik Stroh-Engel
Vrancic; Mario,Mario Vrancic
Niemeyer; Peter,Peter Niemeyer
Stegmayer; Michael,Michael Stegmayer
Garics; Gyrgy,Gyrgy Garics
Sulu; Aytac,Aytac Sulu
Rosenthal; Jan,Jan Rosenthal
Gondorf; Jerome,Jerome Gondorf
Kempe; Tobias,Tobias Kempe
Platins; Patrick,Patrick Platins
Stark; Yannick,Yannick Stark
Platte; Felix,Felix Platte
Nbel; Alexander,Alexander Nbel
Junior Caicara,Junior Caicara
Boateng; Kevin-Prince,Kevin-Prince Boateng
Choupo-Moting; Eric Maxim,Eric Maxim Choupo-Moting
Geis; Johannes,Johannes Geis
Sam; Sidney,Sidney Sam
Kolasinac; Sead,Sead Kolasinac
Meyer; Max,Max Meyer
Fhrmann; Ralf,Ralf Fhrmann
Friedrich; Marvin,Marvin Friedrich
Aogo; Dennis,Dennis Aogo
Kehrer; Thilo,Thilo Kehrer
Giefer; Fabian,Fabian Giefer
Nastasic; Matija,Matija Nastasic
Hwedes; Benedikt,Benedikt Hwedes
Ayhan; Kaan,Kaan Ayhan
Gspurning; Michael,Michael Gspurning
Goretzka; Leon,Leon Goretzka
Hjbjerg; Pierre-Emile,Pierre-Emile Hjbjerg
San; Leroy,Leroy San
Neustdter; Roman,Roman Neustdter
Huntelaar; Klaas Jan,Klaas Jan Huntelaar
Riether; Sascha,Sascha Riether
di Santo; Franco,Franco di Santo
Uchida; Atsuto,Atsuto Uchida
Matip; Joel,Joel Matip
Felipe Santana,Felipe Santana
Hger; Marco,Marco Hger
