"Gloucester, Massachusetts, United States","thesauri/place/Gloucester, Massachusetts, United States"
"St. Petersburg, Russia","thesauri/place/St. Petersburg, Russia"
"Philadelphia, Pennsylvania, United States","thesauri/place/Philadelphia, Pennsylvania, United States"
"London, England","thesauri/place/London, England"
"Springfield, Ohio, United States","thesauri/place/Springfield, Ohio, United States"
"Monson, Maine, United States","thesauri/place/Monson, Maine, United States"
"New York, New York, United States","thesauri/place/New York, New York, United States"
"Southampton, New York, United States","thesauri/place/Southampton, New York, United States"
"Showhegan, Maine, United States","thesauri/place/Showhegan, Maine, United States"
"New Hampshire, United States","thesauri/place/New Hampshire, United States"
"New York, New York, United States","thesauri/place/New York, New York, United States"
"New York, New York, United States","thesauri/place/New York, New York, United States"
"Austin, Texas, United States","thesauri/place/Austin, Texas, United States"
"Chicago, Illinois, United States","thesauri/place/Chicago, Illinois, United States"
"Wayland, New York, United States","thesauri/place/Wayland, New York, United States"
"Riga, Russia","thesauri/place/Riga, Russia"
"East Meadow, New York, United States","thesauri/place/East Meadow, New York, United States"
"New York, New York, United States","thesauri/place/New York, New York, United States"
"Guatemala City, Guatemala","thesauri/place/Guatemala City, Guatemala"
"Mulhouse, France","thesauri/place/Mulhouse, France"
"Paris, France","thesauri/place/Paris, France"
"Chicago, Illinois, United States","thesauri/place/Chicago, Illinois, United States"
"Charlevoix, Michigan, United States","thesauri/place/Charlevoix, Michigan, United States"
"Washington, District of Columbia, United States","thesauri/place/Washington, District of Columbia, United States"
"Lima, Peru","thesauri/place/Lima, Peru"
"New York, New York, United States","thesauri/place/New York, New York, United States"
"Washington, District of Columbia, United States","thesauri/place/Washington, District of Columbia, United States"
"Honolulu, Hawaii, United States","thesauri/place/Honolulu, Hawaii, United States"
"New York, New York, United States","thesauri/place/New York, New York, United States"
"Utuado, Puerto Rico","thesauri/place/Utuado, Puerto Rico"
"Carmel, California, United States","thesauri/place/Carmel, California, United States"
"San Francisco, California, United States","thesauri/place/San Francisco, California, United States"
"Monterey, California, United States","thesauri/place/Monterey, California, United States"
"Webster City, Iowa, United States","thesauri/place/Webster City, Iowa, United States"
"Albuquerque, New Mexico, United States","thesauri/place/Albuquerque, New Mexico, United States"
"Glendale, California, United States","thesauri/place/Glendale, California, United States"
"Paris, France","thesauri/place/Paris, France"
"Concord, Vermont, United States","thesauri/place/Concord, Vermont, United States"
"New York, New York, United States","thesauri/place/New York, New York, United States"
"Taos, New Mexico, United States","thesauri/place/Taos, New Mexico, United States"
"Topeka, Kansas, United States","thesauri/place/Topeka, Kansas, United States"
"Albuquerque, New Mexico, United States","thesauri/place/Albuquerque, New Mexico, United States"
"Kentucky, United States","thesauri/place/Kentucky, United States"
"New York, United States","thesauri/place/New York, United States"
"Kawehnoke, Ontario, Canada","thesauri/place/Kawehnoke, Ontario, Canada"
"Colorado, United States","thesauri/place/Colorado, United States"
"Orange, New Jersey, United States","thesauri/place/Orange, New Jersey, United States"
"Hazard, Kentucky, United States","thesauri/place/Hazard, Kentucky, United States"
"Woodbury, New Jersey, United States","thesauri/place/Woodbury, New Jersey, United States"
"New York, New York, United States","thesauri/place/New York, New York, United States"
"Luxeuil, France","thesauri/place/Luxeuil, France"
"New York, New York, United States","thesauri/place/New York, New York, United States"
"New York, New York, United States","thesauri/place/New York, New York, United States"
"London, England","thesauri/place/London, England"
England,thesauri/place/England
England,thesauri/place/England
"Sparta, New York, United States","thesauri/place/Sparta, New York, United States"
"Washington, District of Columbia, United States","thesauri/place/Washington, District of Columbia, United States"
"New York, New York, United States","thesauri/place/New York, New York, United States"
"New York, New York, United States","thesauri/place/New York, New York, United States"
"New York, New York, United States","thesauri/place/New York, New York, United States"
"Paris, France","thesauri/place/Paris, France"
"Chamonix, France","thesauri/place/Chamonix, France"
"Quincy, Illinois, United States","thesauri/place/Quincy, Illinois, United States"
"Tryon, North Carolina, United States","thesauri/place/Tryon, North Carolina, United States"
France,thesauri/place/France
"Chicago, Illinois, United States","thesauri/place/Chicago, Illinois, United States"
"San Francisco, California, United States","thesauri/place/San Francisco, California, United States"
"New York, New York, United States","thesauri/place/New York, New York, United States"
"Bethel, Connecticut, United States","thesauri/place/Bethel, Connecticut, United States"
"Altoona, Pennsylvania, United States","thesauri/place/Altoona, Pennsylvania, United States"
"Bethel, Pennsylvania, United States","thesauri/place/Bethel, Pennsylvania, United States"
"Newburyport, Massachusetts, United States","thesauri/place/Newburyport, Massachusetts, United States"
"Philadelphia, Pennsylvania, United States","thesauri/place/Philadelphia, Pennsylvania, United States"
"Scituate, Rhode Island, United States","thesauri/place/Scituate, Rhode Island, United States"
"Black Mountain, North Carolina, United States","thesauri/place/Black Mountain, North Carolina, United States"
"Berlin, Germany","thesauri/place/Berlin, Germany"
"Orange, Connecticut, United States","thesauri/place/Orange, Connecticut, United States"
"Black Mountain, North Carolina, United States","thesauri/place/Black Mountain, North Carolina, United States"
"Bottrop, Germany","thesauri/place/Bottrop, Germany"
"New Haven, Connecticut, United States","thesauri/place/New Haven, Connecticut, United States"
"Tampico, Mexico","thesauri/place/Tampico, Mexico"
"Mexico City, Mexico","thesauri/place/Mexico City, Mexico"
"Pinoso, Spain","thesauri/place/Pinoso, Spain"
"Schloss Rosenau, Germany","thesauri/place/Schloss Rosenau, Germany"
"Windsor, England","thesauri/place/Windsor, England"
"Minneapolis, Minnesota, United States","thesauri/place/Minneapolis, Minnesota, United States"
Mexico,thesauri/place/Mexico
"Rhode Island, United States","thesauri/place/Rhode Island, United States"
"Orby, Sweden","thesauri/place/Orby, Sweden"
"North Harvey, Illinois, United States","thesauri/place/North Harvey, Illinois, United States"
"Woodstock, Vermont, United States","thesauri/place/Woodstock, Vermont, United States"
"Paris, France","thesauri/place/Paris, France"
"London, England","thesauri/place/London, England"
"Dresden, Germany","thesauri/place/Dresden, Germany"
"New York, New York, United States","thesauri/place/New York, New York, United States"
"Paris, France","thesauri/place/Paris, France"
"Allegheny, Pennsylvania, United States","thesauri/place/Allegheny, Pennsylvania, United States"
"New York, New York, United States","thesauri/place/New York, New York, United States"
"Berkeley, California, United States","thesauri/place/Berkeley, California, United States"
"North Attleboro, Massachusetts, United States","thesauri/place/North Attleboro, Massachusetts, United States"
"North Haven, Maine, United States","thesauri/place/North Haven, Maine, United States"
"Birmingham, England","thesauri/place/Birmingham, England"
"London, England","thesauri/place/London, England"
"Louisiana, Missouri, United States","thesauri/place/Louisiana, Missouri, United States"
"Larchmont, New York, United States","thesauri/place/Larchmont, New York, United States"
"Summit, New Jersey, United States","thesauri/place/Summit, New Jersey, United States"
"New York, New York, United States","thesauri/place/New York, New York, United States"
"Iowa City, Iowa, United States","thesauri/place/Iowa City, Iowa, United States"
"Muscatine, Iowa, United States","thesauri/place/Muscatine, Iowa, United States"
"New York, New York, United States","thesauri/place/New York, New York, United States"
"Truro, Massachusetts, United States","thesauri/place/Truro, Massachusetts, United States"
"Dessau, Germany","thesauri/place/Dessau, Germany"
"Washington, District of Columbia, United States","thesauri/place/Washington, District of Columbia, United States"
"Mijdrecht, Netherlands","thesauri/place/Mijdrecht, Netherlands"
"Utrecht, Netherlands","thesauri/place/Utrecht, Netherlands"
"Brookline, Massachusetts, United States","thesauri/place/Brookline, Massachusetts, United States"
"New York, New York, United States","thesauri/place/New York, New York, United States"
"Chillán, Chile","thesauri/place/Chillán, Chile"
"State College, Pennsylvania, United States","thesauri/place/State College, Pennsylvania, United States"
"Black Mountain, North Carolina, United States","thesauri/place/Black Mountain, North Carolina, United States"
"New York, New York, United States","thesauri/place/New York, New York, United States"
"Los Angeles, California, United States","thesauri/place/Los Angeles, California, United States"
"Los Angeles, California, United States","thesauri/place/Los Angeles, California, United States"
"Naples, Italy","thesauri/place/Naples, Italy"
"Vico, Italy","thesauri/place/Vico, Italy"
"California, United States","thesauri/place/California, United States"
"Richmond, Virginia, United States","thesauri/place/Richmond, Virginia, United States"
"Chevry-Cossigny, France","thesauri/place/Chevry-Cossigny, France"
"Paris, France","thesauri/place/Paris, France"
"Kodiak, Alaska, United States","thesauri/place/Kodiak, Alaska, United States"
"Brewster, New York, United States","thesauri/place/Brewster, New York, United States"
"New York, New York, United States","thesauri/place/New York, New York, United States"
"Clermont, Florida, United States","thesauri/place/Clermont, Florida, United States"
"Rome, Italy","thesauri/place/Rome, Italy"
"Boca Raton, Florida, United States","thesauri/place/Boca Raton, Florida, United States"
"New York, New York, United States","thesauri/place/New York, New York, United States"
"Tamaroa, Illinois, United States","thesauri/place/Tamaroa, Illinois, United States"
"Los Angeles, California, United States","thesauri/place/Los Angeles, California, United States"
"New York, New York, United States","thesauri/place/New York, New York, United States"
"Canarsie, New York, United States","thesauri/place/Canarsie, New York, United States"
"Framingham, Massachusetts, United States","thesauri/place/Framingham, Massachusetts, United States"
"Albany, New York, United States","thesauri/place/Albany, New York, United States"
"New York, New York, United States","thesauri/place/New York, New York, United States"
Taiwan,thesauri/place/Taiwan
"New York, New York, United States","thesauri/place/New York, New York, United States"
"New York, New York, United States","thesauri/place/New York, New York, United States"
"Atlanta, Georgia, United States","thesauri/place/Atlanta, Georgia, United States"
"New York, New York, United States","thesauri/place/New York, New York, United States"
"Chicago, Illinois, United States","thesauri/place/Chicago, Illinois, United States"
"New York, New York, United States","thesauri/place/New York, New York, United States"
"Jersey City, New Jersey, United States","thesauri/place/Jersey City, New Jersey, United States"
"Chicago, Illinois, United States","thesauri/place/Chicago, Illinois, United States"
"Elgin, Illinois, United States","thesauri/place/Elgin, Illinois, United States"
"New York, New York, United States","thesauri/place/New York, New York, United States"
"Midvale, Utah, United States","thesauri/place/Midvale, Utah, United States"
"Salt Lake City, Utah, United States","thesauri/place/Salt Lake City, Utah, United States"
"Edmonds, Washington, United States","thesauri/place/Edmonds, Washington, United States"
"Palo Alto, California, United States","thesauri/place/Palo Alto, California, United States"
"Mill Valley, California, United States","thesauri/place/Mill Valley, California, United States"
"Oxford, Ohio, United States","thesauri/place/Oxford, Ohio, United States"
"Westport, Connecticut, United States","thesauri/place/Westport, Connecticut, United States"
"Hawaii, United States","thesauri/place/Hawaii, United States"
"San Jose, California, United States","thesauri/place/San Jose, California, United States"
"London, England","thesauri/place/London, England"
"Bristol, England","thesauri/place/Bristol, England"
"Towersey, England","thesauri/place/Towersey, England"
"New Orleans, Louisiana, United States","thesauri/place/New Orleans, Louisiana, United States"
"Ocean Springs, Mississippi, United States","thesauri/place/Ocean Springs, Mississippi, United States"
"New York, New York, United States","thesauri/place/New York, New York, United States"
"Madison, Georgia, United States","thesauri/place/Madison, Georgia, United States"
"Steubenville, Ohio, United States","thesauri/place/Steubenville, Ohio, United States"
"Washington, District of Columbia, United States","thesauri/place/Washington, District of Columbia, United States"
"Washington, District of Columbia, United States","thesauri/place/Washington, District of Columbia, United States"
"Hingham, Massachusetts, United States","thesauri/place/Hingham, Massachusetts, United States"
"Boston, Massachusetts, United States","thesauri/place/Boston, Massachusetts, United States"
"London, England","thesauri/place/London, England"
"Saskatoon, Saskatchewan, Canada","thesauri/place/Saskatoon, Saskatchewan, Canada"
"Dobbs Ferry, New York, United States","thesauri/place/Dobbs Ferry, New York, United States"
"Plymouth, Wisconsin, United States","thesauri/place/Plymouth, Wisconsin, United States"
"Rockport, Massachusetts, United States","thesauri/place/Rockport, Massachusetts, United States"
"Chicago, Illinois, United States","thesauri/place/Chicago, Illinois, United States"
"New York, New York, United States","thesauri/place/New York, New York, United States"
"Kalvaria, Russia","thesauri/place/Kalvaria, Russia"
"Chatham, New Jersey, United States","thesauri/place/Chatham, New Jersey, United States"
"Pontremoli, Italy","thesauri/place/Pontremoli, Italy"
"New York, United States","thesauri/place/New York, United States"
"Chicago, Illinois, United States","thesauri/place/Chicago, Illinois, United States"
"New York, New York, United States","thesauri/place/New York, New York, United States"
"Bieltsy, Russia","thesauri/place/Bieltsy, Russia"
"Waterford, Connecticut, United States","thesauri/place/Waterford, Connecticut, United States"
"Philadelphia, Pennsylvania, United States","thesauri/place/Philadelphia, Pennsylvania, United States"
"Newport, Kentucky, United States","thesauri/place/Newport, Kentucky, United States"
"Fort Washington, Pennsylvania, United States","thesauri/place/Fort Washington, Pennsylvania, United States"
"New York, New York, United States","thesauri/place/New York, New York, United States"
"Fort Monmouth, New Jersey, United States","thesauri/place/Fort Monmouth, New Jersey, United States"
"New York, New York, United States","thesauri/place/New York, New York, United States"
"Hagios Nikolaos, Greece","thesauri/place/Hagios Nikolaos, Greece"
"Lake Valley, New Mexico, United States","thesauri/place/Lake Valley, New Mexico, United States"
"Albuquerque, New Mexico, United States","thesauri/place/Albuquerque, New Mexico, United States"
"Indianapolis, Indiana, United States","thesauri/place/Indianapolis, Indiana, United States"
"Englewood, New Jersey, United States","thesauri/place/Englewood, New Jersey, United States"
"Erie, Pennsylvania, United States","thesauri/place/Erie, Pennsylvania, United States"
"Altadena, California, United States","thesauri/place/Altadena, California, United States"
"Tucson, Arizona, United States","thesauri/place/Tucson, Arizona, United States"
"New York, New York, United States","thesauri/place/New York, New York, United States"
"Paris, France","thesauri/place/Paris, France"
"Amsterdam, Netherlands","thesauri/place/Amsterdam, Netherlands"
"Woodstock, New York, United States","thesauri/place/Woodstock, New York, United States"
"New York, New York, United States","thesauri/place/New York, New York, United States"
England,thesauri/place/England
"Rome, Italy","thesauri/place/Rome, Italy"
"Marsala, Italy","thesauri/place/Marsala, Italy"
"Alcamo, Italy","thesauri/place/Alcamo, Italy"
"New York, New York, United States","thesauri/place/New York, New York, United States"
"Nagoya, Japan","thesauri/place/Nagoya, Japan"
"Washington, District of Columbia, United States","thesauri/place/Washington, District of Columbia, United States"
"Managua, Nicaragua","thesauri/place/Managua, Nicaragua"
"New York, New York, United States","thesauri/place/New York, New York, United States"
"New York, New York, United States","thesauri/place/New York, New York, United States"
"Philadelphia, Pennsylvania, United States","thesauri/place/Philadelphia, Pennsylvania, United States"
"Philadelphia, Pennsylvania, United States","thesauri/place/Philadelphia, Pennsylvania, United States"
"Annandale, New Jersey, United States","thesauri/place/Annandale, New Jersey, United States"
"Woodstock, New York, United States","thesauri/place/Woodstock, New York, United States"
"Kiev, Russia","thesauri/place/Kiev, Russia"
"New York, New York, United States","thesauri/place/New York, New York, United States"
"Santa Cruz, New Mexico, United States","thesauri/place/Santa Cruz, New Mexico, United States"
"Tesuque, New Mexico, United States","thesauri/place/Tesuque, New Mexico, United States"
"Mexico City, Mexico","thesauri/place/Mexico City, Mexico"
"Flagstaff, Arizona, United States","thesauri/place/Flagstaff, Arizona, United States"
"Detroit, Michigan, United States","thesauri/place/Detroit, Michigan, United States"
"New York, New York, United States","thesauri/place/New York, New York, United States"
"Jamestown, New York, United States","thesauri/place/Jamestown, New York, United States"
"San Francisco, California, United States","thesauri/place/San Francisco, California, United States"
"Radautz, Austria-Hungary","thesauri/place/Radautz, Austria-Hungary"
"Chicago, Illinois, United States","thesauri/place/Chicago, Illinois, United States"
"Fairfield, Connecticut, United States","thesauri/place/Fairfield, Connecticut, United States"
"Washington, District of Columbia, United States","thesauri/place/Washington, District of Columbia, United States"
"New York, New York, United States","thesauri/place/New York, New York, United States"
"Mount Laurel, New Jersey, United States","thesauri/place/Mount Laurel, New Jersey, United States"
"Henderson, Texas, United States","thesauri/place/Henderson, Texas, United States"
"London, England","thesauri/place/London, England"
"Paris, France","thesauri/place/Paris, France"
"La Valette, France","thesauri/place/La Valette, France"
"Benicia, California, United States","thesauri/place/Benicia, California, United States"
"Benicia, California, United States","thesauri/place/Benicia, California, United States"
"New York, New York, United States","thesauri/place/New York, New York, United States"
"Minneapolis, Minnesota, United States","thesauri/place/Minneapolis, Minnesota, United States"
"Denver, Colorado, United States","thesauri/place/Denver, Colorado, United States"
"Texas, United States","thesauri/place/Texas, United States"
"Germania, Texas, United States","thesauri/place/Germania, Texas, United States"
"McGregor, Texas, United States","thesauri/place/McGregor, Texas, United States"
"Woodstock, New York, United States","thesauri/place/Woodstock, New York, United States"
"Croton Falls, New York, United States","thesauri/place/Croton Falls, New York, United States"
"New York, New York, United States","thesauri/place/New York, New York, United States"
"Annandale, Virginia, United States","thesauri/place/Annandale, Virginia, United States"
"Jacksonville, Alabama, United States","thesauri/place/Jacksonville, Alabama, United States"
"Alabama, United States","thesauri/place/Alabama, United States"
"Boston, Massachusetts, United States","thesauri/place/Boston, Massachusetts, United States"
"Sudbury, Massachusetts, United States","thesauri/place/Sudbury, Massachusetts, United States"
"Shilova, Lithuania","thesauri/place/Shilova, Lithuania"
England,thesauri/place/England
"Rego Park, New York, United States","thesauri/place/Rego Park, New York, United States"
"Dresden, Germany","thesauri/place/Dresden, Germany"
"New Mexico, United States","thesauri/place/New Mexico, United States"
"Carnegie, Oklahoma, United States","thesauri/place/Carnegie, Oklahoma, United States"
"Norman, Oklahoma, United States","thesauri/place/Norman, Oklahoma, United States"
"New York, New York, United States","thesauri/place/New York, New York, United States"
"Washington, District of Columbia, United States","thesauri/place/Washington, District of Columbia, United States"
"Delaplane, Virginia, United States","thesauri/place/Delaplane, Virginia, United States"
"Delaplane, Virginia, United States","thesauri/place/Delaplane, Virginia, United States"
"Washington, District of Columbia, United States","thesauri/place/Washington, District of Columbia, United States"
"Wolfsburg, Germany","thesauri/place/Wolfsburg, Germany"
"Chevy Chase, Maryland, United States","thesauri/place/Chevy Chase, Maryland, United States"
"Philadelphia, Pennsylvania, United States","thesauri/place/Philadelphia, Pennsylvania, United States"
"London, England","thesauri/place/London, England"
"Washington, District of Columbia, United States","thesauri/place/Washington, District of Columbia, United States"
"Washington, District of Columbia, United States","thesauri/place/Washington, District of Columbia, United States"
"New York, New York, United States","thesauri/place/New York, New York, United States"
"Brainerd, Minnesota, United States","thesauri/place/Brainerd, Minnesota, United States"
"New Brunswick, Canada","thesauri/place/New Brunswick, Canada"
"New York, New York, United States","thesauri/place/New York, New York, United States"
"Pennsauken, New Jersey, United States","thesauri/place/Pennsauken, New Jersey, United States"
"Guadalajara, Mexico","thesauri/place/Guadalajara, Mexico"
"Bartonsville, Vermont, United States","thesauri/place/Bartonsville, Vermont, United States"
"Orange, New Jersey, United States","thesauri/place/Orange, New Jersey, United States"
"New York, New York, United States","thesauri/place/New York, New York, United States"
"Paris, France","thesauri/place/Paris, France"
"Varangeville, France","thesauri/place/Varangeville, France"
"Carnegie, Oklahoma, United States","thesauri/place/Carnegie, Oklahoma, United States"
"Medicine Park, Oklahoma, United States","thesauri/place/Medicine Park, Oklahoma, United States"
"London, England","thesauri/place/London, England"
"London, England","thesauri/place/London, England"
"Lyons, France","thesauri/place/Lyons, France"
"Ouzouer, France","thesauri/place/Ouzouer, France"
France,thesauri/place/France
England,thesauri/place/England
"Les Cayes, Haiti","thesauri/place/Les Cayes, Haiti"
"New York, New York, United States","thesauri/place/New York, New York, United States"
"New York, New York, United States","thesauri/place/New York, New York, United States"
"Brest-Litovsk, Russia","thesauri/place/Brest-Litovsk, Russia"
"Ossining, New York, United States","thesauri/place/Ossining, New York, United States"
"Hillside, New Jersey, United States","thesauri/place/Hillside, New Jersey, United States"
"New York, New York, United States","thesauri/place/New York, New York, United States"
"Cleveland, Ohio, United States","thesauri/place/Cleveland, Ohio, United States"
"Woodstock, New York, United States","thesauri/place/Woodstock, New York, United States"
"Missoula, Montana, United States","thesauri/place/Missoula, Montana, United States"
"Butte, Montana, United States","thesauri/place/Butte, Montana, United States"
"Paris, France","thesauri/place/Paris, France"
Monaco,thesauri/place/Monaco
"Hudson, New York, United States","thesauri/place/Hudson, New York, United States"
"Lowell, Massachusetts, United States","thesauri/place/Lowell, Massachusetts, United States"
"Sand Bank, New York, United States","thesauri/place/Sand Bank, New York, United States"
"New York, New York, United States","thesauri/place/New York, New York, United States"
"Pittsburgh, Pennsylvania, United States","thesauri/place/Pittsburgh, Pennsylvania, United States"
"Tulchin, Russia","thesauri/place/Tulchin, Russia"
"New York, New York, United States","thesauri/place/New York, New York, United States"
"Paris, France","thesauri/place/Paris, France"
"Paris, France","thesauri/place/Paris, France"
"Marseille, France","thesauri/place/Marseille, France"
"Santa Fe, New Mexico, United States","thesauri/place/Santa Fe, New Mexico, United States"
"San Ildefonso Pueblo, New Mexico, United States","thesauri/place/San Ildefonso Pueblo, New Mexico, United States"
"San Ildefonso Pueblo, New Mexico, United States","thesauri/place/San Ildefonso Pueblo, New Mexico, United States"
"Washington, District of Columbia, United States","thesauri/place/Washington, District of Columbia, United States"
Argentina,thesauri/place/Argentina
"Bethesda, Maryland, United States","thesauri/place/Bethesda, Maryland, United States"
"La Paz, Bolivia","thesauri/place/La Paz, Bolivia"
"New York, New York, United States","thesauri/place/New York, New York, United States"
"Kii-Nagashima-cho, Japan","thesauri/place/Kii-Nagashima-cho, Japan"
"Paris, France","thesauri/place/Paris, France"
"Charleston, Illinois, United States","thesauri/place/Charleston, Illinois, United States"
"New York, New York, United States","thesauri/place/New York, New York, United States"
"New York, New York, United States","thesauri/place/New York, New York, United States"
"Flint, Michigan, United States","thesauri/place/Flint, Michigan, United States"
"Washington, District of Columbia, United States","thesauri/place/Washington, District of Columbia, United States"
"Philadelphia, Pennsylvania, United States","thesauri/place/Philadelphia, Pennsylvania, United States"
"Broomsgrove, England","thesauri/place/Broomsgrove, England"
"Wellsboro, Pennsylvania, United States","thesauri/place/Wellsboro, Pennsylvania, United States"
"Cleveland, Ohio, United States","thesauri/place/Cleveland, Ohio, United States"
"Bronxville, New York, United States","thesauri/place/Bronxville, New York, United States"
"Castroville, Texas, United States","thesauri/place/Castroville, Texas, United States"
"Alliance, Ohio, United States","thesauri/place/Alliance, Ohio, United States"
"Cleveland, Ohio, United States","thesauri/place/Cleveland, Ohio, United States"
"Neubrunen, Switzerland","thesauri/place/Neubrunen, Switzerland"
"Emden, Germany","thesauri/place/Emden, Germany"
"Amsterdam, Netherlands","thesauri/place/Amsterdam, Netherlands"
"Los Angeles, California, United States","thesauri/place/Los Angeles, California, United States"
"Salem, Oregon, United States","thesauri/place/Salem, Oregon, United States"
France,thesauri/place/France
"Haverhill, Massachusetts, United States","thesauri/place/Haverhill, Massachusetts, United States"
"Cairo, Egypt","thesauri/place/Cairo, Egypt"
"New York, New York, United States","thesauri/place/New York, New York, United States"
"Ridgefield, Connecticut, United States","thesauri/place/Ridgefield, Connecticut, United States"
"Kennebunk, Maine, United States","thesauri/place/Kennebunk, Maine, United States"
"Omaha, Nebraska, United States","thesauri/place/Omaha, Nebraska, United States"
"New York, New York, United States","thesauri/place/New York, New York, United States"
"Finleyville, Pennsylvania, United States","thesauri/place/Finleyville, Pennsylvania, United States"
"New York, New York, United States","thesauri/place/New York, New York, United States"
"Cincinnati, Ohio, United States","thesauri/place/Cincinnati, Ohio, United States"
"Santa Barbara, California, United States","thesauri/place/Santa Barbara, California, United States"
"Zante, Greece","thesauri/place/Zante, Greece"
United States,thesauri/place/United States
"Limonest, France","thesauri/place/Limonest, France"
"Paris, France","thesauri/place/Paris, France"
"Milwaukee, Wisconsin, United States","thesauri/place/Milwaukee, Wisconsin, United States"
"Chicago, Illinois, United States","thesauri/place/Chicago, Illinois, United States"
"Hutchinson, Kansas, United States","thesauri/place/Hutchinson, Kansas, United States"
"Council Bluffs, Iowa, United States","thesauri/place/Council Bluffs, Iowa, United States"
"Paris, France","thesauri/place/Paris, France"
"Philadelphia, Pennsylvania, United States","thesauri/place/Philadelphia, Pennsylvania, United States"
"Vitebsk, Russia","thesauri/place/Vitebsk, Russia"
"New York, New York, United States","thesauri/place/New York, New York, United States"
"London, England","thesauri/place/London, England"
"New York, New York, United States","thesauri/place/New York, New York, United States"
"Carmel, New York, United States","thesauri/place/Carmel, New York, United States"
"Essex, New York, United States","thesauri/place/Essex, New York, United States"
"Evansville, Indiana, United States","thesauri/place/Evansville, Indiana, United States"
"Chicago, Illinois, United States","thesauri/place/Chicago, Illinois, United States"
"Woods Hole, Massachusetts, United States","thesauri/place/Woods Hole, Massachusetts, United States"
"London, England","thesauri/place/London, England"
"Hyannis, Massachusetts, United States","thesauri/place/Hyannis, Massachusetts, United States"
"Boston, Massachusetts, United States","thesauri/place/Boston, Massachusetts, United States"
"Washington, District of Columbia, United States","thesauri/place/Washington, District of Columbia, United States"
"Boston, Massachusetts, United States","thesauri/place/Boston, Massachusetts, United States"
"Manchester, Massachusetts, United States","thesauri/place/Manchester, Massachusetts, United States"
"Westlake, Ohio, United States","thesauri/place/Westlake, Ohio, United States"
"Santa Fe, New Mexico, United States","thesauri/place/Santa Fe, New Mexico, United States"
"Alton, New York, United States","thesauri/place/Alton, New York, United States"
"San Francisco, California, United States","thesauri/place/San Francisco, California, United States"
"Athens, Ohio, United States","thesauri/place/Athens, Ohio, United States"
"San Miguel, Mexico","thesauri/place/San Miguel, Mexico"
"New York, New York, United States","thesauri/place/New York, New York, United States"
"Florence, Italy","thesauri/place/Florence, Italy"
"Boston, Massachusetts, United States","thesauri/place/Boston, Massachusetts, United States"
"Charlestown, Massachusetts, United States","thesauri/place/Charlestown, Massachusetts, United States"
"Montclair, New Jersey, United States","thesauri/place/Montclair, New Jersey, United States"
"Portland, Oregon, United States","thesauri/place/Portland, Oregon, United States"
"Roanoke, Virginia, United States","thesauri/place/Roanoke, Virginia, United States"
"Upper Montclair, New Jersey, United States","thesauri/place/Upper Montclair, New Jersey, United States"
"Newburgh, New York, United States","thesauri/place/Newburgh, New York, United States"
"Pacific Palisades, California, United States","thesauri/place/Pacific Palisades, California, United States"
"New York, New York, United States","thesauri/place/New York, New York, United States"
"Santa Monica, California, United States","thesauri/place/Santa Monica, California, United States"
"Sausalito, California, United States","thesauri/place/Sausalito, California, United States"
"Newport Beach, California, United States","thesauri/place/Newport Beach, California, United States"
"Wapiti, Wyoming, United States","thesauri/place/Wapiti, Wyoming, United States"
"New York, New York, United States","thesauri/place/New York, New York, United States"
"Princeton, New Jersey, United States","thesauri/place/Princeton, New Jersey, United States"
"New Haven, Connecticut, United States","thesauri/place/New Haven, Connecticut, United States"
"Boston, Massachusetts, United States","thesauri/place/Boston, Massachusetts, United States"
"St. Andrews, New Brunswick, Canada","thesauri/place/St. Andrews, New Brunswick, Canada"
"Providence, Rhode Island, United States","thesauri/place/Providence, Rhode Island, United States"
"New York, New York, United States","thesauri/place/New York, New York, United States"
"Luray, Virginia, United States","thesauri/place/Luray, Virginia, United States"
"Luray, Virginia, United States","thesauri/place/Luray, Virginia, United States"
"New York, New York, United States","thesauri/place/New York, New York, United States"
"Galati, Romania","thesauri/place/Galati, Romania"
"Philadelphia, Pennsylvania, United States","thesauri/place/Philadelphia, Pennsylvania, United States"
"Washington, District of Columbia, United States","thesauri/place/Washington, District of Columbia, United States"
"London, England","thesauri/place/London, England"
"Edinburgh, Scotland","thesauri/place/Edinburgh, Scotland"
"New York, New York, United States","thesauri/place/New York, New York, United States"
"White Plains, New York, United States","thesauri/place/White Plains, New York, United States"
"New York, New York, United States","thesauri/place/New York, New York, United States"
"Taos, New Mexico, United States","thesauri/place/Taos, New Mexico, United States"
"Bisbee, Arizona, United States","thesauri/place/Bisbee, Arizona, United States"
"Cañon, New Mexico, United States","thesauri/place/Cañon, New Mexico, United States"
"Tufo, Italy","thesauri/place/Tufo, Italy"
"New York, New York, United States","thesauri/place/New York, New York, United States"
"Chicago, Illinois, United States","thesauri/place/Chicago, Illinois, United States"
"Moylan, Pennsylvania, United States","thesauri/place/Moylan, Pennsylvania, United States"
Italy,thesauri/place/Italy
"Pontypool, England","thesauri/place/Pontypool, England"
"Bath, England","thesauri/place/Bath, England"
"New York, New York, United States","thesauri/place/New York, New York, United States"
"Chicago, Illinois, United States","thesauri/place/Chicago, Illinois, United States"
"Paris, France","thesauri/place/Paris, France"
"Bellefonte, Pennsylvania, United States","thesauri/place/Bellefonte, Pennsylvania, United States"
"New York, New York, United States","thesauri/place/New York, New York, United States"
"Charleston, South Carolina, United States","thesauri/place/Charleston, South Carolina, United States"
"Chicago, Illinois, United States","thesauri/place/Chicago, Illinois, United States"
"Coventry, Connecticut, United States","thesauri/place/Coventry, Connecticut, United States"
"Cedarville, New York, United States","thesauri/place/Cedarville, New York, United States"
"Chicago, Illinois, United States","thesauri/place/Chicago, Illinois, United States"
"Bloomington, Indiana, United States","thesauri/place/Bloomington, Indiana, United States"
"Washington, District of Columbia, United States","thesauri/place/Washington, District of Columbia, United States"
"New York, New York, United States","thesauri/place/New York, New York, United States"
"Beverly, Massachusetts, United States","thesauri/place/Beverly, Massachusetts, United States"
"Cincinnati, Ohio, United States","thesauri/place/Cincinnati, Ohio, United States"
"Princeton, Massachusetts, United States","thesauri/place/Princeton, Massachusetts, United States"
"Providence, Rhode Island, United States","thesauri/place/Providence, Rhode Island, United States"
"Washington, District of Columbia, United States","thesauri/place/Washington, District of Columbia, United States"
"Cincinnati, Ohio, United States","thesauri/place/Cincinnati, Ohio, United States"
"Los Angeles, California, United States","thesauri/place/Los Angeles, California, United States"
"Washington, District of Columbia, United States","thesauri/place/Washington, District of Columbia, United States"
"Cincinnati, Ohio, United States","thesauri/place/Cincinnati, Ohio, United States"
"Paris, France","thesauri/place/Paris, France"
"Watch Hill, Rhode Island, United States","thesauri/place/Watch Hill, Rhode Island, United States"
"New York, New York, United States","thesauri/place/New York, New York, United States"
"Dillingen, Germany","thesauri/place/Dillingen, Germany"
"New York, New York, United States","thesauri/place/New York, New York, United States"
"Valledolmo, Sicily, Italy","thesauri/place/Valledolmo, Sicily, Italy"
"New York, New York, United States","thesauri/place/New York, New York, United States"
"Philadelphia, Pennsylvania, United States","thesauri/place/Philadelphia, Pennsylvania, United States"
England,thesauri/place/England
United States,thesauri/place/United States
"Paris, France","thesauri/place/Paris, France"
"Paris, France","thesauri/place/Paris, France"
"New York, New York, United States","thesauri/place/New York, New York, United States"
"Poughkeepsie, New York, United States","thesauri/place/Poughkeepsie, New York, United States"
"Poughkeepsie, New York, United States","thesauri/place/Poughkeepsie, New York, United States"
"New York, New York, United States","thesauri/place/New York, New York, United States"
"Buffalo, New York, United States","thesauri/place/Buffalo, New York, United States"
"Lambertville, New Jersey, United States","thesauri/place/Lambertville, New Jersey, United States"
"Sao Paulo, Brazil","thesauri/place/Sao Paulo, Brazil"
"Santa Fe, New Mexico, United States","thesauri/place/Santa Fe, New Mexico, United States"
"Washington, Pennsylvania, United States","thesauri/place/Washington, Pennsylvania, United States"
"Boston, Massachusetts, United States","thesauri/place/Boston, Massachusetts, United States"
"Washington, District of Columbia, United States","thesauri/place/Washington, District of Columbia, United States"
"Carrigtwohill, Ireland","thesauri/place/Carrigtwohill, Ireland"
"Detroit, Michigan, United States","thesauri/place/Detroit, Michigan, United States"
"Katonah, New York, United States","thesauri/place/Katonah, New York, United States"
"Colmar, France","thesauri/place/Colmar, France"
"Paris, France","thesauri/place/Paris, France"
"Chicago, Illinois, United States","thesauri/place/Chicago, Illinois, United States"
"Beverly, Massachusetts, United States","thesauri/place/Beverly, Massachusetts, United States"
"Paris, France","thesauri/place/Paris, France"
"Long Beach, California, United States","thesauri/place/Long Beach, California, United States"
"New Haven, Connecticut, United States","thesauri/place/New Haven, Connecticut, United States"
"Paris, France","thesauri/place/Paris, France"
"London, England","thesauri/place/London, England"
"Los Angeles, California, United States","thesauri/place/Los Angeles, California, United States"
"Rome, Italy","thesauri/place/Rome, Italy"
"New York, New York, United States","thesauri/place/New York, New York, United States"
"Oxford, Massachusetts, United States","thesauri/place/Oxford, Massachusetts, United States"
"Claremont, California, United States","thesauri/place/Claremont, California, United States"
"Kansas City, Missouri, United States","thesauri/place/Kansas City, Missouri, United States"
"New York, New York, United States","thesauri/place/New York, New York, United States"
"Paris, France","thesauri/place/Paris, France"
"Paris, France","thesauri/place/Paris, France"
"New York, New York, United States","thesauri/place/New York, New York, United States"
"New York, New York, United States","thesauri/place/New York, New York, United States"
"Los Angeles, California, United States","thesauri/place/Los Angeles, California, United States"
"Monterey, California, United States","thesauri/place/Monterey, California, United States"
"Providence, Rhode Island, United States","thesauri/place/Providence, Rhode Island, United States"
"New York, New York, United States","thesauri/place/New York, New York, United States"
"Raleigh, North Carolina, United States","thesauri/place/Raleigh, North Carolina, United States"
"Devon, England","thesauri/place/Devon, England"
"Leeds, Massachusetts, United States","thesauri/place/Leeds, Massachusetts, United States"
"New Brunswick, New Jersey, United States","thesauri/place/New Brunswick, New Jersey, United States"
"New York, New York, United States","thesauri/place/New York, New York, United States"
"Craryville, New York, United States","thesauri/place/Craryville, New York, United States"
"Nashville, Tennessee, United States","thesauri/place/Nashville, Tennessee, United States"
"Rouen, France","thesauri/place/Rouen, France"
"Chicago, Illinois, United States","thesauri/place/Chicago, Illinois, United States"
"Escanaba, Michigan, United States","thesauri/place/Escanaba, Michigan, United States"
"San Francisco, California, United States","thesauri/place/San Francisco, California, United States"
"Pittsburgh, Pennsylvania, United States","thesauri/place/Pittsburgh, Pennsylvania, United States"
"New York, New York, United States","thesauri/place/New York, New York, United States"
"Sanok, Austria-Hungary","thesauri/place/Sanok, Austria-Hungary"
"Magdeburg, Germany","thesauri/place/Magdeburg, Germany"
"Santa Fe, New Mexico, United States","thesauri/place/Santa Fe, New Mexico, United States"
"New Jersey, United States","thesauri/place/New Jersey, United States"
"Oakville, Missouri, United States","thesauri/place/Oakville, Missouri, United States"
"New York, New York, United States","thesauri/place/New York, New York, United States"
"Portland, Maine, United States","thesauri/place/Portland, Maine, United States"
"Augusta, Maine, United States","thesauri/place/Augusta, Maine, United States"
"Aspen, Colorado, United States","thesauri/place/Aspen, Colorado, United States"
Germany,thesauri/place/Germany
"Haag, Austria","thesauri/place/Haag, Austria"
"Montecito, California, United States","thesauri/place/Montecito, California, United States"
"Pittsburgh, Pennsylvania, United States","thesauri/place/Pittsburgh, Pennsylvania, United States"
"New York, New York, United States","thesauri/place/New York, New York, United States"
"New York, New York, United States","thesauri/place/New York, New York, United States"
"San Francisco, California, United States","thesauri/place/San Francisco, California, United States"
"Brewster, New York, United States","thesauri/place/Brewster, New York, United States"
"New York, New York, United States","thesauri/place/New York, New York, United States"
"New York, New York, United States","thesauri/place/New York, New York, United States"
"Oneonta, New York, United States","thesauri/place/Oneonta, New York, United States"
"New York, New York, United States","thesauri/place/New York, New York, United States"
"Richmond, Virginia, United States","thesauri/place/Richmond, Virginia, United States"
"Suffolk, England","thesauri/place/Suffolk, England"
"London, England","thesauri/place/London, England"
"Brookfield Center, Connecticut, United States","thesauri/place/Brookfield Center, Connecticut, United States"
"Ridgefield, Connecticut, United States","thesauri/place/Ridgefield, Connecticut, United States"
"Kansas City, Missouri, United States","thesauri/place/Kansas City, Missouri, United States"
"New York, New York, United States","thesauri/place/New York, New York, United States"
"Geneseo, New York, United States","thesauri/place/Geneseo, New York, United States"
"Detroit, Michigan, United States","thesauri/place/Detroit, Michigan, United States"
"Buffalo, New York, United States","thesauri/place/Buffalo, New York, United States"
"Painesville, Ohio, United States","thesauri/place/Painesville, Ohio, United States"
"New York, New York, United States","thesauri/place/New York, New York, United States"
St. Martin,thesauri/place/St. Martin
"Charlotte, North Carolina, United States","thesauri/place/Charlotte, North Carolina, United States"
"New York, New York, United States","thesauri/place/New York, New York, United States"
"Oakland, California, United States","thesauri/place/Oakland, California, United States"
"Los Angeles, California, United States","thesauri/place/Los Angeles, California, United States"
"Pittsburgh, Pennsylvania, United States","thesauri/place/Pittsburgh, Pennsylvania, United States"
"Clifton Springs, New York, United States","thesauri/place/Clifton Springs, New York, United States"
"Denver, Colorado, United States","thesauri/place/Denver, Colorado, United States"
"New York, New York, United States","thesauri/place/New York, New York, United States"
"Philadelphia, Pennsylvania, United States","thesauri/place/Philadelphia, Pennsylvania, United States"
"Gloucester, Massachusetts, United States","thesauri/place/Gloucester, Massachusetts, United States"
"Stamford, Connecticut, United States","thesauri/place/Stamford, Connecticut, United States"
"Philadelphia, Pennsylvania, United States","thesauri/place/Philadelphia, Pennsylvania, United States"
"New York, New York, United States","thesauri/place/New York, New York, United States"
"Chicago, Illinois, United States","thesauri/place/Chicago, Illinois, United States"
"New York, New York, United States","thesauri/place/New York, New York, United States"
"Millbrook, New York, United States","thesauri/place/Millbrook, New York, United States"
"Dayton, Ohio, United States","thesauri/place/Dayton, Ohio, United States"
"Milwaukee, Wisconsin, United States","thesauri/place/Milwaukee, Wisconsin, United States"
"Oakland, California, United States","thesauri/place/Oakland, California, United States"
"New York, New York, United States","thesauri/place/New York, New York, United States"
"Grand Rapids, Michigan, United States","thesauri/place/Grand Rapids, Michigan, United States"
"New York, New York, United States","thesauri/place/New York, New York, United States"
"Scituate, Massachusetts, United States","thesauri/place/Scituate, Massachusetts, United States"
"St. Charles, Missouri, United States","thesauri/place/St. Charles, Missouri, United States"
"La Jolla, California, United States","thesauri/place/La Jolla, California, United States"
"Hannibal, Missouri, United States","thesauri/place/Hannibal, Missouri, United States"
"New York, New York, United States","thesauri/place/New York, New York, United States"
"Philadelphia, Pennsylvania, United States","thesauri/place/Philadelphia, Pennsylvania, United States"
"Burford, England","thesauri/place/Burford, England"
"London, England","thesauri/place/London, England"
"Detroit, Michigan, United States","thesauri/place/Detroit, Michigan, United States"
"Toronto, Ontario, Canada","thesauri/place/Toronto, Ontario, Canada"
"North Olmstead, Ohio, United States","thesauri/place/North Olmstead, Ohio, United States"
"Claremont, California, United States","thesauri/place/Claremont, California, United States"
"New York, New York, United States","thesauri/place/New York, New York, United States"
"Salem, Virginia, United States","thesauri/place/Salem, Virginia, United States"
"Corinth, Mississippi, United States","thesauri/place/Corinth, Mississippi, United States"
"Vilna, Russia","thesauri/place/Vilna, Russia"
"Chicago, Illinois, United States","thesauri/place/Chicago, Illinois, United States"
"Mexico City, Mexico","thesauri/place/Mexico City, Mexico"
"New York, New York, United States","thesauri/place/New York, New York, United States"
"Calgary, Alberta, Canada","thesauri/place/Calgary, Alberta, Canada"
"Ward, Massachusetts, United States","thesauri/place/Ward, Massachusetts, United States"
"Weathersfield, Vermont, United States","thesauri/place/Weathersfield, Vermont, United States"
"New York, New York, United States","thesauri/place/New York, New York, United States"
"Newton Falls, Ohio, United States","thesauri/place/Newton Falls, Ohio, United States"
"Cashiers, North Carolina, United States","thesauri/place/Cashiers, North Carolina, United States"
"Tiffin, Ohio, United States","thesauri/place/Tiffin, Ohio, United States"
"Englewood, New Jersey, United States","thesauri/place/Englewood, New Jersey, United States"
"London, England","thesauri/place/London, England"
"California, United States","thesauri/place/California, United States"
"Taos, New Mexico, United States","thesauri/place/Taos, New Mexico, United States"
"Chicago, Illinois, United States","thesauri/place/Chicago, Illinois, United States"
"London, England","thesauri/place/London, England"
"London, England","thesauri/place/London, England"
"Columbus, Ohio, United States","thesauri/place/Columbus, Ohio, United States"
"New York, New York, United States","thesauri/place/New York, New York, United States"
"Kaunas, Russia","thesauri/place/Kaunas, Russia"
"New York, New York, United States","thesauri/place/New York, New York, United States"
"Closter, New Jersey, United States","thesauri/place/Closter, New Jersey, United States"
"London, England","thesauri/place/London, England"
"Utrecht, Netherlands","thesauri/place/Utrecht, Netherlands"
"Wöhrd, Germany","thesauri/place/Wöhrd, Germany"
"Charleston, South Carolina, United States","thesauri/place/Charleston, South Carolina, United States"
"Norfolk, Virginia, United States","thesauri/place/Norfolk, Virginia, United States"
"Philadelphia, Pennsylvania, United States","thesauri/place/Philadelphia, Pennsylvania, United States"
Czechoslovakia,thesauri/place/Czechoslovakia
"Philadelphia, Pennsylvania, United States","thesauri/place/Philadelphia, Pennsylvania, United States"
"Pittsburgh, Pennsylvania, United States","thesauri/place/Pittsburgh, Pennsylvania, United States"
"Pennsylvania, United States","thesauri/place/Pennsylvania, United States"
"New York, New York, United States","thesauri/place/New York, New York, United States"
"Westwood, New Jersey, United States","thesauri/place/Westwood, New Jersey, United States"
"New York, New York, United States","thesauri/place/New York, New York, United States"
"New York, New York, United States","thesauri/place/New York, New York, United States"
"Lake Charles, Louisiana, United States","thesauri/place/Lake Charles, Louisiana, United States"
"Oslo, Norway","thesauri/place/Oslo, Norway"
"Evanston, Illinois, United States","thesauri/place/Evanston, Illinois, United States"
"New York, New York, United States","thesauri/place/New York, New York, United States"
"Mulhouse, France","thesauri/place/Mulhouse, France"
"Philadelphia, Pennsylvania, United States","thesauri/place/Philadelphia, Pennsylvania, United States"
"Charleston, South Carolina, United States","thesauri/place/Charleston, South Carolina, United States"
"Chillicothe, Ohio, United States","thesauri/place/Chillicothe, Ohio, United States"
"Chicago, Illinois, United States","thesauri/place/Chicago, Illinois, United States"
"Marion, Indiana, United States","thesauri/place/Marion, Indiana, United States"
"London, England","thesauri/place/London, England"
"New York, United States","thesauri/place/New York, United States"
"Philadelphia, Pennsylvania, United States","thesauri/place/Philadelphia, Pennsylvania, United States"
"Philadelphia, Pennsylvania, United States","thesauri/place/Philadelphia, Pennsylvania, United States"
"Pennsylvania, United States","thesauri/place/Pennsylvania, United States"
"Salem, Massachusetts, United States","thesauri/place/Salem, Massachusetts, United States"
"Salem, Massachusetts, United States","thesauri/place/Salem, Massachusetts, United States"
"Maine, United States","thesauri/place/Maine, United States"
"Philadelphia, Pennsylvania, United States","thesauri/place/Philadelphia, Pennsylvania, United States"
"Newport, Rhode Island, United States","thesauri/place/Newport, Rhode Island, United States"
"London, England","thesauri/place/London, England"
"London, England","thesauri/place/London, England"
"Woodstock, New York, United States","thesauri/place/Woodstock, New York, United States"
"Paterson, New Jersey, United States","thesauri/place/Paterson, New Jersey, United States"
"New York, New York, United States","thesauri/place/New York, New York, United States"
"Neosho, Missouri, United States","thesauri/place/Neosho, Missouri, United States"
"Kansas City, Missouri, United States","thesauri/place/Kansas City, Missouri, United States"
"Oak Park, Illinois, United States","thesauri/place/Oak Park, Illinois, United States"
"Stary Constantin, Russia","thesauri/place/Stary Constantin, Russia"
"New York, New York, United States","thesauri/place/New York, New York, United States"
"Frackville, Pennsylvania, United States","thesauri/place/Frackville, Pennsylvania, United States"
"Smithtown, New York, United States","thesauri/place/Smithtown, New York, United States"
"Chicago, Illinois, United States","thesauri/place/Chicago, Illinois, United States"
"Los Angeles, California, United States","thesauri/place/Los Angeles, California, United States"
"Santa Barbara, California, United States","thesauri/place/Santa Barbara, California, United States"
"Berlin, Germany","thesauri/place/Berlin, Germany"
"New York, New York, United States","thesauri/place/New York, New York, United States"
"Chicago, Illinois, United States","thesauri/place/Chicago, Illinois, United States"
"Haarlem, Netherlands","thesauri/place/Haarlem, Netherlands"
"Amsterdam, Netherlands","thesauri/place/Amsterdam, Netherlands"
"Chicago, Illinois, United States","thesauri/place/Chicago, Illinois, United States"
"Philadelphia, Pennsylvania, United States","thesauri/place/Philadelphia, Pennsylvania, United States"
"Washington, District of Columbia, United States","thesauri/place/Washington, District of Columbia, United States"
"Paris, France","thesauri/place/Paris, France"
"California, United States","thesauri/place/California, United States"
"St. Petersburg, Russia","thesauri/place/St. Petersburg, Russia"
"Rome, Italy","thesauri/place/Rome, Italy"
"New York, New York, United States","thesauri/place/New York, New York, United States"
"East Nassau, New York, United States","thesauri/place/East Nassau, New York, United States"
Russia,thesauri/place/Russia
United States,thesauri/place/United States
"New York, New York, United States","thesauri/place/New York, New York, United States"
"Provincetown, Massachusetts, United States","thesauri/place/Provincetown, Massachusetts, United States"
"New York, New York, United States","thesauri/place/New York, New York, United States"
"Washington, District of Columbia, United States","thesauri/place/Washington, District of Columbia, United States"
"Phoenix, Arizona, United States","thesauri/place/Phoenix, Arizona, United States"
"Oakton, Virginia, United States","thesauri/place/Oakton, Virginia, United States"
"Havana, Cuba","thesauri/place/Havana, Cuba"
"Vienne, France","thesauri/place/Vienne, France"
"St. Louis, Missouri, United States","thesauri/place/St. Louis, Missouri, United States"
"Taos, New Mexico, United States","thesauri/place/Taos, New Mexico, United States"
"North Carolina, United States","thesauri/place/North Carolina, United States"
"Ginneken, Netherlands","thesauri/place/Ginneken, Netherlands"
"Detroit, Michigan, United States","thesauri/place/Detroit, Michigan, United States"
"New York, New York, United States","thesauri/place/New York, New York, United States"
"East Gloucester, Massachusetts, United States","thesauri/place/East Gloucester, Massachusetts, United States"
"Philadelphia, Pennsylvania, United States","thesauri/place/Philadelphia, Pennsylvania, United States"
"Burnsville, North Carolina, United States","thesauri/place/Burnsville, North Carolina, United States"
"Newark, New Jersey, United States","thesauri/place/Newark, New Jersey, United States"
"Clinton, Maryland, United States","thesauri/place/Clinton, Maryland, United States"
"Point Pleasant, New Jersey, United States","thesauri/place/Point Pleasant, New Jersey, United States"
"Versailles, Kentucky, United States","thesauri/place/Versailles, Kentucky, United States"
"Washington, District of Columbia, United States","thesauri/place/Washington, District of Columbia, United States"
"Bloomfield Hills, Michigan, United States","thesauri/place/Bloomfield Hills, Michigan, United States"
"San Lorenzo, Italy","thesauri/place/San Lorenzo, Italy"
"Barto, Pennsylvania, United States","thesauri/place/Barto, Pennsylvania, United States"
"Paris, France","thesauri/place/Paris, France"
"Paris, France","thesauri/place/Paris, France"
"New York, New York, United States","thesauri/place/New York, New York, United States"
"Nitra, Czechoslovakia","thesauri/place/Nitra, Czechoslovakia"
"St. Louis, Missouri, United States","thesauri/place/St. Louis, Missouri, United States"
"Jerusalem, Israel","thesauri/place/Jerusalem, Israel"
"Harat, Afghanistan","thesauri/place/Harat, Afghanistan"
"New York, New York, United States","thesauri/place/New York, New York, United States"
"Paris, France","thesauri/place/Paris, France"
Poland,thesauri/place/Poland
"Biala, Russia","thesauri/place/Biala, Russia"
"Boston, Massachusetts, United States","thesauri/place/Boston, Massachusetts, United States"
"Turner, Maine, United States","thesauri/place/Turner, Maine, United States"
"Malden, Massachusetts, United States","thesauri/place/Malden, Massachusetts, United States"
"Old Lyme, Connecticut, United States","thesauri/place/Old Lyme, Connecticut, United States"
"Augusta, Maine, United States","thesauri/place/Augusta, Maine, United States"
"Essex, Connecticut, United States","thesauri/place/Essex, Connecticut, United States"
"Winchester, Massachusetts, United States","thesauri/place/Winchester, Massachusetts, United States"
"Boston, Massachusetts, United States","thesauri/place/Boston, Massachusetts, United States"
"Provincetown, Massachusetts, United States","thesauri/place/Provincetown, Massachusetts, United States"
"Toulouse, France","thesauri/place/Toulouse, France"
"Buhl, Germany","thesauri/place/Buhl, Germany"
"Philadelphia, Pennsylvania, United States","thesauri/place/Philadelphia, Pennsylvania, United States"
"Croton-on-Hudson, New York, United States","thesauri/place/Croton-on-Hudson, New York, United States"
"Youngstown, Ohio, United States","thesauri/place/Youngstown, Ohio, United States"
"New York, New York, United States","thesauri/place/New York, New York, United States"
"New York, New York, United States","thesauri/place/New York, New York, United States"
France,thesauri/place/France
"Vienna, Austria","thesauri/place/Vienna, Austria"
"Nashville, Tennessee, United States","thesauri/place/Nashville, Tennessee, United States"
"New York, New York, United States","thesauri/place/New York, New York, United States"
Russia,thesauri/place/Russia
"New York, United States","thesauri/place/New York, United States"
"Milwaukee, Wisconsin, United States","thesauri/place/Milwaukee, Wisconsin, United States"
"New York, New York, United States","thesauri/place/New York, New York, United States"
"Naumberg, Germany","thesauri/place/Naumberg, Germany"
"Buffalo, New York, United States","thesauri/place/Buffalo, New York, United States"
"California, United States","thesauri/place/California, United States"
"Irvington, New York, United States","thesauri/place/Irvington, New York, United States"
"Solingen, Germany","thesauri/place/Solingen, Germany"
"New York, New York, United States","thesauri/place/New York, New York, United States"
"Karlsruhe, Germany","thesauri/place/Karlsruhe, Germany"
"DeLand, Florida, United States","thesauri/place/DeLand, Florida, United States"
"Miami, Florida, United States","thesauri/place/Miami, Florida, United States"
"Gastonia, North Carolina, United States","thesauri/place/Gastonia, North Carolina, United States"
"New York, New York, United States","thesauri/place/New York, New York, United States"
"Elliston, Virginia, United States","thesauri/place/Elliston, Virginia, United States"
"Roanoke, Virginia, United States","thesauri/place/Roanoke, Virginia, United States"
"New York, New York, United States","thesauri/place/New York, New York, United States"
"New York, New York, United States","thesauri/place/New York, New York, United States"
"Salt Lake City, Utah, United States","thesauri/place/Salt Lake City, Utah, United States"
"Santa Cruz, California, United States","thesauri/place/Santa Cruz, California, United States"
"Eschwege, Germany","thesauri/place/Eschwege, Germany"
"New York, New York, United States","thesauri/place/New York, New York, United States"
"Vienna, Austria","thesauri/place/Vienna, Austria"
Austria,thesauri/place/Austria
Haiti,thesauri/place/Haiti
France,thesauri/place/France
"New York, New York, United States","thesauri/place/New York, New York, United States"
"Bristol, Pennsylvania, United States","thesauri/place/Bristol, Pennsylvania, United States"
"Warwickshire, England","thesauri/place/Warwickshire, England"
"Philadelphia, Pennsylvania, United States","thesauri/place/Philadelphia, Pennsylvania, United States"
"Auckland, New Zealand","thesauri/place/Auckland, New Zealand"
"Leonia, New Jersey, United States","thesauri/place/Leonia, New Jersey, United States"
"Newark, New Jersey, United States","thesauri/place/Newark, New Jersey, United States"
"Berkeley, California, United States","thesauri/place/Berkeley, California, United States"
"Berkeley, California, United States","thesauri/place/Berkeley, California, United States"
"Rome, Italy","thesauri/place/Rome, Italy"
"Rome, Italy","thesauri/place/Rome, Italy"
"Philadelphia, Pennsylvania, United States","thesauri/place/Philadelphia, Pennsylvania, United States"
"Smithsburg, Maryland, United States","thesauri/place/Smithsburg, Maryland, United States"
"Cincinnati, Ohio, United States","thesauri/place/Cincinnati, Ohio, United States"
"New York, New York, United States","thesauri/place/New York, New York, United States"
"Rochester, New York, United States","thesauri/place/Rochester, New York, United States"
"San Francisco, California, United States","thesauri/place/San Francisco, California, United States"
"Palo Alto, California, United States","thesauri/place/Palo Alto, California, United States"
"Philadelphia, Pennsylvania, United States","thesauri/place/Philadelphia, Pennsylvania, United States"
"Syracuse, New York, United States","thesauri/place/Syracuse, New York, United States"
"New Preston, Connecticut, United States","thesauri/place/New Preston, Connecticut, United States"
"Mount Vernon, New York, United States","thesauri/place/Mount Vernon, New York, United States"
"Nadlac?, Hungary","thesauri/place/Nadlac?, Hungary"
"Taos, New Mexico, United States","thesauri/place/Taos, New Mexico, United States"
"Vienna, Austria","thesauri/place/Vienna, Austria"
"New York, New York, United States","thesauri/place/New York, New York, United States"
"New York, New York, United States","thesauri/place/New York, New York, United States"
"Cambridge, New York, United States","thesauri/place/Cambridge, New York, United States"
"New York, New York, United States","thesauri/place/New York, New York, United States"
"Taos, New Mexico, United States","thesauri/place/Taos, New Mexico, United States"
"Viola, Wisconsin, United States","thesauri/place/Viola, Wisconsin, United States"
"Chicago, Illinois, United States","thesauri/place/Chicago, Illinois, United States"
"Taos, New Mexico, United States","thesauri/place/Taos, New Mexico, United States"
"Philadelphia, Pennsylvania, United States","thesauri/place/Philadelphia, Pennsylvania, United States"
"Philadelphia, Pennsylvania, United States","thesauri/place/Philadelphia, Pennsylvania, United States"
"New Hartford, New York, United States","thesauri/place/New Hartford, New York, United States"
"New York, New York, United States","thesauri/place/New York, New York, United States"
"Vancouver, British Columbia, Canada","thesauri/place/Vancouver, British Columbia, Canada"
"New York, New York, United States","thesauri/place/New York, New York, United States"
"Los Angeles, California, United States","thesauri/place/Los Angeles, California, United States"
"McAllister, Oklahoma, United States","thesauri/place/McAllister, Oklahoma, United States"
"New York, New York, United States","thesauri/place/New York, New York, United States"
"Elizabethtown, New York, United States","thesauri/place/Elizabethtown, New York, United States"
"Woodstock, New York, United States","thesauri/place/Woodstock, New York, United States"
"Mantorville, Minnesota, United States","thesauri/place/Mantorville, Minnesota, United States"
"Kingston, New York, United States","thesauri/place/Kingston, New York, United States"
"Woodstock, New York, United States","thesauri/place/Woodstock, New York, United States"
"Hawley, Minnesota, United States","thesauri/place/Hawley, Minnesota, United States"
"Kingston, New York, United States","thesauri/place/Kingston, New York, United States"
"New York, New York, United States","thesauri/place/New York, New York, United States"
"New York, New York, United States","thesauri/place/New York, New York, United States"
"Bern, Switzerland","thesauri/place/Bern, Switzerland"
"Munich, Germany","thesauri/place/Munich, Germany"
"St. Louis, Missouri, United States","thesauri/place/St. Louis, Missouri, United States"
"Lawrence, Kansas, United States","thesauri/place/Lawrence, Kansas, United States"
"Kehl, Germany","thesauri/place/Kehl, Germany"
"Philadelphia, Pennsylvania, United States","thesauri/place/Philadelphia, Pennsylvania, United States"
"Cleveland, Ohio, United States","thesauri/place/Cleveland, Ohio, United States"
"Stowe, Vermont, United States","thesauri/place/Stowe, Vermont, United States"
"Baltimore, Maryland, United States","thesauri/place/Baltimore, Maryland, United States"
"Nashua, New Hampshire, United States","thesauri/place/Nashua, New Hampshire, United States"
"Boston, Massachusetts, United States","thesauri/place/Boston, Massachusetts, United States"
"Brunoviski, Latvia","thesauri/place/Brunoviski, Latvia"
"DeWitt, Iowa, United States","thesauri/place/DeWitt, Iowa, United States"
"Columbia, South Carolina, United States","thesauri/place/Columbia, South Carolina, United States"
"Chicago, Illinois, United States","thesauri/place/Chicago, Illinois, United States"
"New York, New York, United States","thesauri/place/New York, New York, United States"
"Chicago, Illinois, United States","thesauri/place/Chicago, Illinois, United States"
"Poughkeepsie, New York, United States","thesauri/place/Poughkeepsie, New York, United States"
"Cincinnati, Ohio, United States","thesauri/place/Cincinnati, Ohio, United States"
"New York, New York, United States","thesauri/place/New York, New York, United States"
"Smorgon, Russia","thesauri/place/Smorgon, Russia"
"New Milford, Connecticut, United States","thesauri/place/New Milford, Connecticut, United States"
"Taos, New Mexico, United States","thesauri/place/Taos, New Mexico, United States"
"Pittsburgh, Pennsylvania, United States","thesauri/place/Pittsburgh, Pennsylvania, United States"
"Albuquerque, New Mexico, United States","thesauri/place/Albuquerque, New Mexico, United States"
"Middletown, New York, United States","thesauri/place/Middletown, New York, United States"
"Mainz, Germany","thesauri/place/Mainz, Germany"
"Essen, Germany","thesauri/place/Essen, Germany"
"Salem, Massachusetts, United States","thesauri/place/Salem, Massachusetts, United States"
"East Liverpool, Ohio, United States","thesauri/place/East Liverpool, Ohio, United States"
"Pittsburgh, Pennsylvania, United States","thesauri/place/Pittsburgh, Pennsylvania, United States"
"New York, New York, United States","thesauri/place/New York, New York, United States"
"St. Paul, Minnesota, United States","thesauri/place/St. Paul, Minnesota, United States"
"New Ulm, Minnesota, United States","thesauri/place/New Ulm, Minnesota, United States"
"Leechburg, Pennsylvania, United States","thesauri/place/Leechburg, Pennsylvania, United States"
Syria,thesauri/place/Syria
"Kittanning, Pennsylvania, United States","thesauri/place/Kittanning, Pennsylvania, United States"
"Glen Echo, Maryland, United States","thesauri/place/Glen Echo, Maryland, United States"
"New York, New York, United States","thesauri/place/New York, New York, United States"
"New York, New York, United States","thesauri/place/New York, New York, United States"
England,thesauri/place/England
"New York, New York, United States","thesauri/place/New York, New York, United States"
"Columbus, Ohio, United States","thesauri/place/Columbus, Ohio, United States"
"Ava, Ohio, United States","thesauri/place/Ava, Ohio, United States"
"Hyannis, Massachusetts, United States","thesauri/place/Hyannis, Massachusetts, United States"
"New York, New York, United States","thesauri/place/New York, New York, United States"
"New York, New York, United States","thesauri/place/New York, New York, United States"
"Pasadena, California, United States","thesauri/place/Pasadena, California, United States"
"Istanbul, Turkey","thesauri/place/Istanbul, Turkey"
United States,thesauri/place/United States
"New York, New York, United States","thesauri/place/New York, New York, United States"
"Chicago, Illinois, United States","thesauri/place/Chicago, Illinois, United States"
"Scottsdale, Arizona, United States","thesauri/place/Scottsdale, Arizona, United States"
"Columbus, Wisconsin, United States","thesauri/place/Columbus, Wisconsin, United States"
"Cleveland, Ohio, United States","thesauri/place/Cleveland, Ohio, United States"
"Provincetown, Massachusetts, United States","thesauri/place/Provincetown, Massachusetts, United States"
"Chicago, Illinois, United States","thesauri/place/Chicago, Illinois, United States"
"Madison, Wisconsin, United States","thesauri/place/Madison, Wisconsin, United States"
"Dordrecht, Netherlands","thesauri/place/Dordrecht, Netherlands"
"Amsterdam, Netherlands","thesauri/place/Amsterdam, Netherlands"
"Philadelphia, Pennsylvania, United States","thesauri/place/Philadelphia, Pennsylvania, United States"
"Meyersdale, Pennsylvania, United States","thesauri/place/Meyersdale, Pennsylvania, United States"
"St. Petersburg, Russia","thesauri/place/St. Petersburg, Russia"
"New York, New York, United States","thesauri/place/New York, New York, United States"
"New York, New York, United States","thesauri/place/New York, New York, United States"
"Columbia, South Carolina, United States","thesauri/place/Columbia, South Carolina, United States"
"New York, New York, United States","thesauri/place/New York, New York, United States"
"Pottsville, Pennsylvania, United States","thesauri/place/Pottsville, Pennsylvania, United States"
Italy,thesauri/place/Italy
"New York, United States","thesauri/place/New York, United States"
"Ann Arbor, Michigan, United States","thesauri/place/Ann Arbor, Michigan, United States"
"Napoleon, Ohio, United States","thesauri/place/Napoleon, Ohio, United States"
"Mikado, Michigan, United States","thesauri/place/Mikado, Michigan, United States"
"Bayonne, France","thesauri/place/Bayonne, France"
"Monchy-St-Eloi, France","thesauri/place/Monchy-St-Eloi, France"
"New York, New York, United States","thesauri/place/New York, New York, United States"
"Shelbyville, Illinois, United States","thesauri/place/Shelbyville, Illinois, United States"
"Paris, France","thesauri/place/Paris, France"
"New York, United States","thesauri/place/New York, United States"
"Providence, Rhode Island, United States","thesauri/place/Providence, Rhode Island, United States"
"Philadelphia, Pennsylvania, United States","thesauri/place/Philadelphia, Pennsylvania, United States"
"Odessa, Russia","thesauri/place/Odessa, Russia"
"San Leandro, California, United States","thesauri/place/San Leandro, California, United States"
"Santa Barbara, California, United States","thesauri/place/Santa Barbara, California, United States"
"Princeton, New Jersey, United States","thesauri/place/Princeton, New Jersey, United States"
"New York, New York, United States","thesauri/place/New York, New York, United States"
"Grinstad, Sweden","thesauri/place/Grinstad, Sweden"
"New York, New York, United States","thesauri/place/New York, New York, United States"
"Bear Lake, Idaho, United States","thesauri/place/Bear Lake, Idaho, United States"
"Chicago, Illinois, United States","thesauri/place/Chicago, Illinois, United States"
"Ogden, Utah, United States","thesauri/place/Ogden, Utah, United States"
"Stamford, Connecticut, United States","thesauri/place/Stamford, Connecticut, United States"
"Nyack, New York, United States","thesauri/place/Nyack, New York, United States"
"Rypin, Poland","thesauri/place/Rypin, Poland"
"New York, New York, United States","thesauri/place/New York, New York, United States"
"Madras, India","thesauri/place/Madras, India"
"Tours, France","thesauri/place/Tours, France"
"Paris, France","thesauri/place/Paris, France"
"Elgin, Illinois, United States","thesauri/place/Elgin, Illinois, United States"
"Leeuwarden, Netherlands","thesauri/place/Leeuwarden, Netherlands"
"Santa Paula, California, United States","thesauri/place/Santa Paula, California, United States"
"London, England","thesauri/place/London, England"
"Dijon, France","thesauri/place/Dijon, France"
"Paris, France","thesauri/place/Paris, France"
"New York, New York, United States","thesauri/place/New York, New York, United States"
"Pittsfield, Massachusetts, United States","thesauri/place/Pittsfield, Massachusetts, United States"
"Paris, France","thesauri/place/Paris, France"
"Paris, France","thesauri/place/Paris, France"
"Geneva, Switzerland","thesauri/place/Geneva, Switzerland"
"Chillicothe, Ohio, United States","thesauri/place/Chillicothe, Ohio, United States"
"St. Louis, Missouri, United States","thesauri/place/St. Louis, Missouri, United States"
"Charleston, South Carolina, United States","thesauri/place/Charleston, South Carolina, United States"
"Charleston, South Carolina, United States","thesauri/place/Charleston, South Carolina, United States"
"Gonzales, Louisiana, United States","thesauri/place/Gonzales, Louisiana, United States"
"New York, New York, United States","thesauri/place/New York, New York, United States"
"Paris, France","thesauri/place/Paris, France"
"Boston, Massachusetts, United States","thesauri/place/Boston, Massachusetts, United States"
"Boston, Massachusetts, United States","thesauri/place/Boston, Massachusetts, United States"
"Los Angeles, California, United States","thesauri/place/Los Angeles, California, United States"
"Sausalito, California, United States","thesauri/place/Sausalito, California, United States"
"New York, New York, United States","thesauri/place/New York, New York, United States"
"Philadelphia, Pennsylvania, United States","thesauri/place/Philadelphia, Pennsylvania, United States"
England,thesauri/place/England
United States,thesauri/place/United States
"Philadelphia, Pennsylvania, United States","thesauri/place/Philadelphia, Pennsylvania, United States"
"Syracuse, New York, United States","thesauri/place/Syracuse, New York, United States"
"Doylestown, Pennsylvania, United States","thesauri/place/Doylestown, Pennsylvania, United States"
"Philadelphia, Pennsylvania, United States","thesauri/place/Philadelphia, Pennsylvania, United States"
"Portland, Oregon, United States","thesauri/place/Portland, Oregon, United States"
"Westport, Connecticut, United States","thesauri/place/Westport, Connecticut, United States"
"Camden, New Jersey, United States","thesauri/place/Camden, New Jersey, United States"
"Norwalk, Connecticut, United States","thesauri/place/Norwalk, Connecticut, United States"
"Defiance, Ohio, United States","thesauri/place/Defiance, Ohio, United States"
"Paris, France","thesauri/place/Paris, France"
"Krakow, Poland","thesauri/place/Krakow, Poland"
"New York, New York, United States","thesauri/place/New York, New York, United States"
"Noank, Connecticut, United States","thesauri/place/Noank, Connecticut, United States"
"Odessa, Russia","thesauri/place/Odessa, Russia"
"New London, Connecticut, United States","thesauri/place/New London, Connecticut, United States"
"New York, New York, United States","thesauri/place/New York, New York, United States"
"Appleton, Wisconsin, United States","thesauri/place/Appleton, Wisconsin, United States"
"Fairhaven, Massachusetts, United States","thesauri/place/Fairhaven, Massachusetts, United States"
"New York, New York, United States","thesauri/place/New York, New York, United States"
"Santa Fe, New Mexico, United States","thesauri/place/Santa Fe, New Mexico, United States"
"Eureka, California, United States","thesauri/place/Eureka, California, United States"
"Short Hills, New Jersey, United States","thesauri/place/Short Hills, New Jersey, United States"
"Boston, Massachusetts, United States","thesauri/place/Boston, Massachusetts, United States"
"La Jolla, California, United States","thesauri/place/La Jolla, California, United States"
"Trenton, New Jersey, United States","thesauri/place/Trenton, New Jersey, United States"
"San Francisco, California, United States","thesauri/place/San Francisco, California, United States"
"Illinois, United States","thesauri/place/Illinois, United States"
"Corona Del Mar, California, United States","thesauri/place/Corona Del Mar, California, United States"
"San Diego, California, United States","thesauri/place/San Diego, California, United States"
"New York, New York, United States","thesauri/place/New York, New York, United States"
"Water Mill, New York, United States","thesauri/place/Water Mill, New York, United States"
"Greensboro, North Carolina, United States","thesauri/place/Greensboro, North Carolina, United States"
"Greenville, South Carolina, United States","thesauri/place/Greenville, South Carolina, United States"
"Spokane, Washington, United States","thesauri/place/Spokane, Washington, United States"
"Seattle, Washington, United States","thesauri/place/Seattle, Washington, United States"
"Deventer, Netherlands","thesauri/place/Deventer, Netherlands"
"Amsterdam, Netherlands","thesauri/place/Amsterdam, Netherlands"
"Pittsburgh, Pennsylvania, United States","thesauri/place/Pittsburgh, Pennsylvania, United States"
"Newton, New Jersey, United States","thesauri/place/Newton, New Jersey, United States"
"Paris, France","thesauri/place/Paris, France"
"New York, United States","thesauri/place/New York, United States"
"Detroit, Michigan, United States","thesauri/place/Detroit, Michigan, United States"
"Chicago, Illinois, United States","thesauri/place/Chicago, Illinois, United States"
"Scarsdale, New York, United States","thesauri/place/Scarsdale, New York, United States"
"Vitebsk, Russia","thesauri/place/Vitebsk, Russia"
"Los Angeles, California, United States","thesauri/place/Los Angeles, California, United States"
"Munich, Germany","thesauri/place/Munich, Germany"
"Beverly Hills, California, United States","thesauri/place/Beverly Hills, California, United States"
"Michigan, United States","thesauri/place/Michigan, United States"
"Paris, France","thesauri/place/Paris, France"
"Paris, France","thesauri/place/Paris, France"
"New York, New York, United States","thesauri/place/New York, New York, United States"
"Paris, France","thesauri/place/Paris, France"
"Shavli, Lithuania","thesauri/place/Shavli, Lithuania"
United States,thesauri/place/United States
"New York, New York, United States","thesauri/place/New York, New York, United States"
"Munich, Germany","thesauri/place/Munich, Germany"
"Neuilly, France","thesauri/place/Neuilly, France"
Germany,thesauri/place/Germany
"Pecs, Hungary","thesauri/place/Pecs, Hungary"
"Buffalo, New York, United States","thesauri/place/Buffalo, New York, United States"
"Pittsburgh, Pennsylvania, United States","thesauri/place/Pittsburgh, Pennsylvania, United States"
"High Forest, Minnesota, United States","thesauri/place/High Forest, Minnesota, United States"
"St. Paul, Minnesota, United States","thesauri/place/St. Paul, Minnesota, United States"
