"Nancy,FreeHafer",Nancy H.
Andrew C.,Andrew C.
"Jan,Kotas",Jan K.
"Mariya,Sergienko",Mariya S.
Lakenya E.,Lakenya E.
"Brendan,Hage",Brendan H.
Bradford L.,Bradford L.
Rudolf A.,Rudolf A.
"Lara,Constable",Lara C.
"Salley,Hornak",Salley H.
Micha J.,Micha J.
"Teddy,Bobo",Teddy B.
"Coralee,Scalia",Coralee S.
"Jeff,Quashie",Jeff Q.
"Vena,Babiarz",Vena B.
Karrie L.,Karrie L.
"Tobias,Dermody",Tobias D.
"Kimberley,Halpern",Kimberley H.
Elias N.,Elias N.
"Lashanda,Cortes",Lashanda C.
"Mackenzie,Spell",Mackenzie S.
"Georgina,Brescia",Georgina B.
Beata M.,Beata M.
Desiree S.,Desiree S.
"Jeanice,Soderstrom",Jeanice S.
Mariel J.,Mariel J.
"Joaquin,Clasen",Joaquin C.
Samuel R.,Samuel R.
"Malissa,Marcus",Malissa M.
Alaina P.,Alaina P.
Trinidad M.,Trinidad M.
Carlene G.,Carlene G.
"Melodi,Chism",Melodi C.
Bess C.,Bess C.
"Jani,Ramthun",Jani R.
"Hayley,Marquess",Hayley M.
"Andria,Spagnoli",Andria S.
Irwin C.,Irwin C.
"Gertude,Montiel",Gertude M.
"Rae,Mcgaughey",Rae M.
"Maryann,Casler",Maryann C.
"Annalisa,Gregori",Annalisa G.
